-- MySQL Administrator dump 1.4
--
-- ------------------------------------------------------
-- Server version	5.0.77-log


/*!40101 SET @OLD_CHARACTER_SET_CLIENT=@@CHARACTER_SET_CLIENT */;
/*!40101 SET @OLD_CHARACTER_SET_RESULTS=@@CHARACTER_SET_RESULTS */;
/*!40101 SET @OLD_COLLATION_CONNECTION=@@COLLATION_CONNECTION */;
/*!40101 SET NAMES utf8 */;

/*!40014 SET @OLD_UNIQUE_CHECKS=@@UNIQUE_CHECKS, UNIQUE_CHECKS=0 */;
/*!40014 SET @OLD_FOREIGN_KEY_CHECKS=@@FOREIGN_KEY_CHECKS, FOREIGN_KEY_CHECKS=0 */;
/*!40101 SET @OLD_SQL_MODE=@@SQL_MODE, SQL_MODE='NO_AUTO_VALUE_ON_ZERO' */;


--
-- Create schema DIKSHA_PORTAL_2
--

CREATE DATABASE IF NOT EXISTS DIKSHA_PORTAL_2;
USE DIKSHA_PORTAL_2;

--
-- Definition of table `DIKSHA_PORTAL_2`.`ACCESSIBILITY_LEVEL`
--

DROP TABLE IF EXISTS `DIKSHA_PORTAL_2`.`ACCESSIBILITY_LEVEL`;
CREATE TABLE  `DIKSHA_PORTAL_2`.`ACCESSIBILITY_LEVEL` (
  `ID` int(11) NOT NULL auto_increment,
  `COMPANY_ID` varchar(200) default NULL,
  `REGION_ID` varchar(200) default NULL,
  `DIVISION_ID` varchar(200) default NULL,
  `DEPARTMENT_ID` varchar(200) default NULL,
  `USER_IDS` varchar(200) default NULL,
  `SAVE` tinyint(1) default '0',
  `VIEW` tinyint(1) default '0',
  `REMOVE` tinyint(1) default '0',
  `MODIFY` tinyint(1) default '0',
  `APPROVE` tinyint(1) default '0',
  `REJECT` tinyint(1) default '0',
  `ENABLE` tinyint(1) default '0',
  `DISABLE` tinyint(1) default '0',
  `RESEND_OFFER` tinyint(1) default '0',
  `GEN_OFFER` tinyint(1) default '0',
  `MARK_AS_EMP` tinyint(1) default '0',
  `NOSHOW` tinyint(1) default '0',
  `CANCEL` tinyint(1) default NULL,
  `ROLLON` tinyint(1) default NULL,
  `SUBMIT` tinyint(1) default NULL,
  `DOWNLOAD` tinyint(1) default NULL,
  `UPLOAD` tinyint(1) default NULL,
  `EMAIL` tinyint(1) default NULL,
  `ASSIGN` tinyint(1) default NULL,
  `HOLD` tinyint(1) default NULL,
  PRIMARY KEY  (`ID`)
) ENGINE=InnoDB AUTO_INCREMENT=118 DEFAULT CHARSET=latin1;

--
-- Dumping data for table `DIKSHA_PORTAL_2`.`ACCESSIBILITY_LEVEL`
--

/*!40000 ALTER TABLE `ACCESSIBILITY_LEVEL` DISABLE KEYS */;
LOCK TABLES `ACCESSIBILITY_LEVEL` WRITE;
INSERT INTO `DIKSHA_PORTAL_2`.`ACCESSIBILITY_LEVEL` VALUES  (1,NULL,NULL,NULL,NULL,'0',1,1,1,1,1,1,1,1,1,1,1,1,1,1,1,1,1,1,NULL,NULL);
UNLOCK TABLES;
/*!40000 ALTER TABLE `ACCESSIBILITY_LEVEL` ENABLE KEYS */;


--
-- Definition of table `DIKSHA_PORTAL_2`.`ACCESSIBILITY_TOP_LEVEL`
--

DROP TABLE IF EXISTS `DIKSHA_PORTAL_2`.`ACCESSIBILITY_TOP_LEVEL`;
CREATE TABLE  `DIKSHA_PORTAL_2`.`ACCESSIBILITY_TOP_LEVEL` (
  `ID` int(11) NOT NULL auto_increment,
  `COMPANY_ID` varchar(200) default NULL,
  `REGION_ID` varchar(200) default NULL,
  `DIVISION_ID` varchar(200) default NULL,
  `DEPARTMENT_ID` varchar(200) default NULL,
  `USER_IDS` varchar(100) default NULL,
  `ACCESSIBILITY_ID` int(11) default '0',
  PRIMARY KEY  (`ID`),
  KEY `ACCESSIBILITY_LEVEL_TOP_ID_FK` (`ACCESSIBILITY_ID`),
  CONSTRAINT `ACCESSIBILITY_LEVEL_TOP_ID_FK` FOREIGN KEY (`ACCESSIBILITY_ID`) REFERENCES `ACCESSIBILITY_LEVEL` (`ID`) ON DELETE CASCADE ON UPDATE NO ACTION
) ENGINE=InnoDB AUTO_INCREMENT=134 DEFAULT CHARSET=latin1;

--
-- Dumping data for table `DIKSHA_PORTAL_2`.`ACCESSIBILITY_TOP_LEVEL`
--

/*!40000 ALTER TABLE `ACCESSIBILITY_TOP_LEVEL` DISABLE KEYS */;
LOCK TABLES `ACCESSIBILITY_TOP_LEVEL` WRITE;
INSERT INTO `DIKSHA_PORTAL_2`.`ACCESSIBILITY_TOP_LEVEL` VALUES  (1,'1','0','0','0','0',1);
UNLOCK TABLES;
/*!40000 ALTER TABLE `ACCESSIBILITY_TOP_LEVEL` ENABLE KEYS */;


--
-- Definition of table `DIKSHA_PORTAL_2`.`ADDRESS`
--

DROP TABLE IF EXISTS `DIKSHA_PORTAL_2`.`ADDRESS`;
CREATE TABLE  `DIKSHA_PORTAL_2`.`ADDRESS` (
  `ID` int(11) NOT NULL auto_increment,
  `ADDRESS` varchar(100) default NULL,
  `CITY` varchar(50) default NULL,
  `ZIPCODE` int(22) default NULL,
  `STATE` varchar(20) default NULL,
  `COUNTRY` varchar(20) default NULL,
  PRIMARY KEY  (`ID`)
) ENGINE=InnoDB AUTO_INCREMENT=23 DEFAULT CHARSET=latin1;

--
-- Dumping data for table `DIKSHA_PORTAL_2`.`ADDRESS`
--

/*!40000 ALTER TABLE `ADDRESS` DISABLE KEYS */;
LOCK TABLES `ADDRESS` WRITE;
INSERT INTO `DIKSHA_PORTAL_2`.`ADDRESS` VALUES  (1,'Vivekananda Nagar','Hyderabad',500072,'Andhra Pradesh','India');
UNLOCK TABLES;
/*!40000 ALTER TABLE `ADDRESS` ENABLE KEYS */;


--
-- Definition of table `DIKSHA_PORTAL_2`.`BANK_DETAILS`
--

DROP TABLE IF EXISTS `DIKSHA_PORTAL_2`.`BANK_DETAILS`;
CREATE TABLE  `DIKSHA_PORTAL_2`.`BANK_DETAILS` (
  `ID` int(11) NOT NULL auto_increment,
  `BANK_NAME` varchar(50) default NULL,
  `BANK_ADDRESS` varchar(50) default NULL,
  `ACCOUNT_NUMBER` varchar(50) default NULL,
  `IFCI_NUMBER` varchar(50) default NULL,
  `SWIFT_CODE` varchar(50) default NULL,
  `MICR_CODE` varchar(100) default NULL,
  `BRANCH` varchar(50) default NULL,
  `CREATED_BY` int(11) default NULL,
  `CREATED_ON` date default NULL,
  `UPDATED_BY` int(11) default NULL,
  `UPDATED_ON` timestamp NOT NULL default CURRENT_TIMESTAMP on update CURRENT_TIMESTAMP,
  PRIMARY KEY  (`ID`)
) ENGINE=InnoDB AUTO_INCREMENT=3 DEFAULT CHARSET=latin1;

--
-- Dumping data for table `DIKSHA_PORTAL_2`.`BANK_DETAILS`
--

/*!40000 ALTER TABLE `BANK_DETAILS` DISABLE KEYS */;
LOCK TABLES `BANK_DETAILS` WRITE;
UNLOCK TABLES;
/*!40000 ALTER TABLE `BANK_DETAILS` ENABLE KEYS */;


--
-- Definition of table `DIKSHA_PORTAL_2`.`CALENDAR`
--

DROP TABLE IF EXISTS `DIKSHA_PORTAL_2`.`CALENDAR`;
CREATE TABLE  `DIKSHA_PORTAL_2`.`CALENDAR` (
  `ID` int(11) NOT NULL auto_increment,
  `NAME` varchar(45) default NULL,
  `REGION` int(11) default NULL,
  `YEAR` int(30) default NULL,
  `HOLIDAY_NAME` varchar(45) default NULL,
  `DATE_PICKER` date default NULL,
  `APPLICABLE_FROM` date default NULL,
  `APPLICABLE_TO` date default NULL,
  PRIMARY KEY  (`ID`),
  UNIQUE KEY `NAME` (`NAME`)
) ENGINE=InnoDB AUTO_INCREMENT=2 DEFAULT CHARSET=latin1;

--
-- Dumping data for table `DIKSHA_PORTAL_2`.`CALENDAR`
--

/*!40000 ALTER TABLE `CALENDAR` DISABLE KEYS */;
LOCK TABLES `CALENDAR` WRITE;
UNLOCK TABLES;
/*!40000 ALTER TABLE `CALENDAR` ENABLE KEYS */;


--
-- Definition of table `DIKSHA_PORTAL_2`.`CANDIDATE`
--

DROP TABLE IF EXISTS `DIKSHA_PORTAL_2`.`CANDIDATE`;
CREATE TABLE  `DIKSHA_PORTAL_2`.`CANDIDATE` (
  `ID` int(11) NOT NULL auto_increment,
  `PROFILE_ID` int(11) default NULL,
  `EDUCATION_ID` int(11) default NULL,
  `EXPERIENCE_ID` int(11) default NULL,
  `PERSONAL_ID` int(11) default NULL,
  `FINANCIAL_ID` int(11) default NULL,
  `PASSPORT_ID` int(11) default NULL,
  `LEVEL_ID` int(11) default NULL,
  `IS_EMPLOYEE` tinyint(1) NOT NULL default '0',
  `IS_ACTIVE` tinyint(1) NOT NULL default '0',
  `CREATE_DATE` timestamp NOT NULL default CURRENT_TIMESTAMP,
  `STATUS` int(11) default NULL,
  `DATE_OF_OFFER` date default NULL,
  `TAT_ID` int(11) default NULL,
  `NOMINEE_ID` int(11) default NULL,
  `OFFER_LETTER` varchar(50) default NULL,
  `UUID` varchar(100) default NULL,
  `PRO_APPROVAL_ID` int(11) default NULL,
  `PER_APPROVAL_ID` int(11) default NULL,
  PRIMARY KEY  (`ID`),
  KEY `CANDIDATE_LEVEL_ID_FK` (`LEVEL_ID`),
  KEY `CANDIDATE_EDUCATION_ID_FK` (`EDUCATION_ID`),
  KEY `CANDIDATE_EXPERIENCE_ID_FK` (`EXPERIENCE_ID`),
  KEY `CANDIDATE_FINANCIAL_ID_FK` (`FINANCIAL_ID`),
  KEY `CANDIDATE_PASPORT_ID_FK` (`PASSPORT_ID`),
  KEY `CANDIDATE_PERSONAL_ID_FK` (`PERSONAL_ID`),
  KEY `CANDIDATE_PROFILE_ID_FK` (`PROFILE_ID`),
  KEY `CANDIDATE_STATUS_ID_FK` (`STATUS`),
  KEY `CANDIDATE_TAT_ID_FK` (`TAT_ID`),
  KEY `CANDIDATE_NOMINEE_ID_FK` (`NOMINEE_ID`),
  CONSTRAINT `CANDIDATE_EDUCATION_ID_FK` FOREIGN KEY (`EDUCATION_ID`) REFERENCES `EDUCATION_INFO` (`ID`) ON DELETE SET NULL,
  CONSTRAINT `CANDIDATE_EXPERIENCE_ID_FK` FOREIGN KEY (`EXPERIENCE_ID`) REFERENCES `EXPERIENCE_INFO` (`ID`) ON DELETE SET NULL,
  CONSTRAINT `CANDIDATE_FINANCIAL_ID_FK` FOREIGN KEY (`FINANCIAL_ID`) REFERENCES `FINANCE_INFO` (`ID`) ON DELETE SET NULL,
  CONSTRAINT `CANDIDATE_LEVEL_ID_FK` FOREIGN KEY (`LEVEL_ID`) REFERENCES `LEVELS` (`ID`) ON DELETE CASCADE,
  CONSTRAINT `CANDIDATE_NOMINEE_ID_FK` FOREIGN KEY (`NOMINEE_ID`) REFERENCES `NOMINEE_INFO` (`ID`) ON DELETE CASCADE ON UPDATE NO ACTION,
  CONSTRAINT `CANDIDATE_PASPORT_ID_FK` FOREIGN KEY (`PASSPORT_ID`) REFERENCES `PASSPORT_INFO` (`ID`) ON DELETE SET NULL,
  CONSTRAINT `CANDIDATE_PERSONAL_ID_FK` FOREIGN KEY (`PERSONAL_ID`) REFERENCES `PERSONAL_INFO` (`ID`) ON DELETE SET NULL,
  CONSTRAINT `CANDIDATE_PROFILE_ID_FK` FOREIGN KEY (`PROFILE_ID`) REFERENCES `PROFILE_INFO` (`ID`) ON DELETE SET NULL,
  CONSTRAINT `CANDIDATE_STATUS_ID_FK` FOREIGN KEY (`STATUS`) REFERENCES `STATUS` (`ID`) ON DELETE SET NULL ON UPDATE NO ACTION,
  CONSTRAINT `CANDIDATE_TAT_ID_FK` FOREIGN KEY (`TAT_ID`) REFERENCES `USERS` (`ID`) ON DELETE CASCADE ON UPDATE NO ACTION
) ENGINE=InnoDB AUTO_INCREMENT=15 DEFAULT CHARSET=latin1 ROW_FORMAT=FIXED;

--
-- Dumping data for table `DIKSHA_PORTAL_2`.`CANDIDATE`
--

/*!40000 ALTER TABLE `CANDIDATE` DISABLE KEYS */;
LOCK TABLES `CANDIDATE` WRITE;
UNLOCK TABLES;
/*!40000 ALTER TABLE `CANDIDATE` ENABLE KEYS */;


--
-- Definition of table `DIKSHA_PORTAL_2`.`CANDIDATE_REQ`
--

DROP TABLE IF EXISTS `DIKSHA_PORTAL_2`.`CANDIDATE_REQ`;
CREATE TABLE  `DIKSHA_PORTAL_2`.`CANDIDATE_REQ` (
  `ID` int(11) NOT NULL auto_increment,
  `ESRQM_ID` int(11) NOT NULL,
  `COMMENTS` varchar(200) default NULL,
  `STATUS` varchar(20) default NULL,
  `ASSIGNED_TO` int(11) default NULL,
  `RAISED_BY` int(11) default NULL,
  `SUMMARY` varchar(200) default NULL,
  `CANDIDATE_ID` int(11) NOT NULL,
  `RE_SERVE` tinyint(1) NOT NULL default '0',
  `OFFER_LETTER` varchar(100) default NULL,
  `CREATEDATETIME` timestamp NOT NULL default CURRENT_TIMESTAMP,
  `CYCLE` int(11) default NULL,
  `MESSAGE_BODY` text,
  `SERVED` int(11) default '0',
  `ACTION_TAKEN` int(11) default '0',
  PRIMARY KEY  (`ID`),
  KEY `CAD_REQ_ESRM_ID_FK` (`ESRQM_ID`),
  KEY `CR_CANDIDATE_ID_FK` (`CANDIDATE_ID`),
  CONSTRAINT `CAD_REQ_ESRM_ID_FK` FOREIGN KEY (`ESRQM_ID`) REFERENCES `EMP_SER_REQ_MAP` (`ID`) ON DELETE CASCADE,
  CONSTRAINT `CR_CANDIDATE_ID_FK` FOREIGN KEY (`CANDIDATE_ID`) REFERENCES `CANDIDATE` (`ID`) ON DELETE CASCADE
) ENGINE=InnoDB AUTO_INCREMENT=48 DEFAULT CHARSET=latin1;

--
-- Dumping data for table `DIKSHA_PORTAL_2`.`CANDIDATE_REQ`
--

/*!40000 ALTER TABLE `CANDIDATE_REQ` DISABLE KEYS */;
LOCK TABLES `CANDIDATE_REQ` WRITE;
UNLOCK TABLES;
/*!40000 ALTER TABLE `CANDIDATE_REQ` ENABLE KEYS */;


--
-- Definition of table `DIKSHA_PORTAL_2`.`CHARGE_CODE`
--

DROP TABLE IF EXISTS `DIKSHA_PORTAL_2`.`CHARGE_CODE`;
CREATE TABLE  `DIKSHA_PORTAL_2`.`CHARGE_CODE` (
  `ID` int(11) NOT NULL auto_increment,
  `PO_ID` int(11) NOT NULL,
  `CH_CODE_NAME` varchar(30) default NULL,
  `CH_CODE` varchar(30) default NULL,
  `AUTH_USERS` varchar(30) default '1',
  PRIMARY KEY  (`ID`),
  KEY `CHARGE_CODE_PO_ID_FK` (`PO_ID`),
  CONSTRAINT `CHARGE_CODE_PO_ID_FK` FOREIGN KEY (`PO_ID`) REFERENCES `PO_DETAILS` (`ID`) ON DELETE CASCADE
) ENGINE=InnoDB AUTO_INCREMENT=11 DEFAULT CHARSET=latin1;

--
-- Dumping data for table `DIKSHA_PORTAL_2`.`CHARGE_CODE`
--

/*!40000 ALTER TABLE `CHARGE_CODE` DISABLE KEYS */;
LOCK TABLES `CHARGE_CODE` WRITE;
INSERT INTO `DIKSHA_PORTAL_2`.`CHARGE_CODE` VALUES  (1,1,'Portal','IN-Tec-1','1');
UNLOCK TABLES;
/*!40000 ALTER TABLE `CHARGE_CODE` ENABLE KEYS */;


--
-- Definition of table `DIKSHA_PORTAL_2`.`CLIENT`
--

DROP TABLE IF EXISTS `DIKSHA_PORTAL_2`.`CLIENT`;
CREATE TABLE  `DIKSHA_PORTAL_2`.`CLIENT` (
  `ID` int(11) NOT NULL auto_increment,
  `REGION_ID` int(11) NOT NULL,
  `DEPT_ID` int(11) NOT NULL,
  `NAME` varchar(30) NOT NULL,
  `DESCRIPTION` varchar(100) default NULL,
  PRIMARY KEY  (`ID`),
  UNIQUE KEY `NAME` (`NAME`),
  KEY `CLIENT_REGION_ID_FK` (`REGION_ID`),
  KEY `CLIENT_DEPT_ID_FK` (`DEPT_ID`),
  CONSTRAINT `CLIENT_DEPT_ID_FK` FOREIGN KEY (`DEPT_ID`) REFERENCES `DIVISON` (`ID`) ON DELETE CASCADE,
  CONSTRAINT `CLIENT_REGION_ID_FK` FOREIGN KEY (`REGION_ID`) REFERENCES `REGIONS` (`ID`) ON DELETE CASCADE
) ENGINE=InnoDB AUTO_INCREMENT=5 DEFAULT CHARSET=latin1;

--
-- Dumping data for table `DIKSHA_PORTAL_2`.`CLIENT`
--

/*!40000 ALTER TABLE `CLIENT` DISABLE KEYS */;
LOCK TABLES `CLIENT` WRITE;
UNLOCK TABLES;
/*!40000 ALTER TABLE `CLIENT` ENABLE KEYS */;


--
-- Definition of table `DIKSHA_PORTAL_2`.`CLIENT_DIV_MAP`
--

DROP TABLE IF EXISTS `DIKSHA_PORTAL_2`.`CLIENT_DIV_MAP`;
CREATE TABLE  `DIKSHA_PORTAL_2`.`CLIENT_DIV_MAP` (
  `ID` int(11) NOT NULL auto_increment,
  `CLIENT_ID` int(11) NOT NULL,
  `DIV_ID` int(11) NOT NULL,
  PRIMARY KEY  (`ID`),
  KEY `CLIENT_DIV_MAP_CLIENT_ID` (`CLIENT_ID`),
  KEY `CLIENT_DIV_MAP_DIV_ID_FK` (`DIV_ID`),
  CONSTRAINT `CLIENT_DIV_MAP_CLIENT_ID` FOREIGN KEY (`CLIENT_ID`) REFERENCES `CLIENT` (`ID`) ON DELETE CASCADE,
  CONSTRAINT `CLIENT_DIV_MAP_DIV_ID_FK` FOREIGN KEY (`DIV_ID`) REFERENCES `DIVISON` (`ID`) ON DELETE CASCADE
) ENGINE=InnoDB DEFAULT CHARSET=latin1;

--
-- Dumping data for table `DIKSHA_PORTAL_2`.`CLIENT_DIV_MAP`
--

/*!40000 ALTER TABLE `CLIENT_DIV_MAP` DISABLE KEYS */;
LOCK TABLES `CLIENT_DIV_MAP` WRITE;
UNLOCK TABLES;
/*!40000 ALTER TABLE `CLIENT_DIV_MAP` ENABLE KEYS */;


--
-- Definition of table `DIKSHA_PORTAL_2`.`COMMITMENTS`
--

DROP TABLE IF EXISTS `DIKSHA_PORTAL_2`.`COMMITMENTS`;
CREATE TABLE  `DIKSHA_PORTAL_2`.`COMMITMENTS` (
  `ID` int(11) NOT NULL auto_increment,
  `COMMENTS` text,
  `DATE_PICKER` date default NULL,
  `CANDIDATE_ID` int(11) default NULL,
  `USER_ID_EMP` int(11) default NULL,
  PRIMARY KEY  (`ID`),
  KEY `COMMITMENTS_USER_ID_EMP_FK` (`USER_ID_EMP`),
  KEY `COMMITMENTS_CAND_ID_FK` (`CANDIDATE_ID`),
  CONSTRAINT `COMMITMENTS_CAND_ID_FK` FOREIGN KEY (`CANDIDATE_ID`) REFERENCES `CANDIDATE` (`ID`) ON DELETE CASCADE ON UPDATE SET NULL,
  CONSTRAINT `COMMITMENTS_USER_ID_EMP_FK` FOREIGN KEY (`USER_ID_EMP`) REFERENCES `USERS` (`ID`) ON DELETE CASCADE ON UPDATE NO ACTION
) ENGINE=InnoDB AUTO_INCREMENT=11 DEFAULT CHARSET=latin1;

--
-- Dumping data for table `DIKSHA_PORTAL_2`.`COMMITMENTS`
--

/*!40000 ALTER TABLE `COMMITMENTS` DISABLE KEYS */;
LOCK TABLES `COMMITMENTS` WRITE;
UNLOCK TABLES;
/*!40000 ALTER TABLE `COMMITMENTS` ENABLE KEYS */;


--
-- Definition of table `DIKSHA_PORTAL_2`.`COMPANY`
--

DROP TABLE IF EXISTS `DIKSHA_PORTAL_2`.`COMPANY`;
CREATE TABLE  `DIKSHA_PORTAL_2`.`COMPANY` (
  `ID` int(11) NOT NULL auto_increment,
  `COMPANY_NAME` varchar(45) default NULL,
  `CREATION_DATE` timestamp NOT NULL default CURRENT_TIMESTAMP,
  PRIMARY KEY  (`ID`),
  UNIQUE KEY `COMPANY_NAME` (`COMPANY_NAME`)
) ENGINE=InnoDB AUTO_INCREMENT=2 DEFAULT CHARSET=latin1;

--
-- Dumping data for table `DIKSHA_PORTAL_2`.`COMPANY`
--

/*!40000 ALTER TABLE `COMPANY` DISABLE KEYS */;
LOCK TABLES `COMPANY` WRITE;
INSERT INTO `DIKSHA_PORTAL_2`.`COMPANY` VALUES  (1,'Diksha','2012-05-16 19:10:35');
UNLOCK TABLES;
/*!40000 ALTER TABLE `COMPANY` ENABLE KEYS */;


--
-- Definition of table `DIKSHA_PORTAL_2`.`CONTACT_TYPE`
--

DROP TABLE IF EXISTS `DIKSHA_PORTAL_2`.`CONTACT_TYPE`;
CREATE TABLE  `DIKSHA_PORTAL_2`.`CONTACT_TYPE` (
  `ID` int(11) NOT NULL auto_increment,
  `CANDIDATE_ID` int(11) default NULL,
  `USER_ID` int(11) default NULL,
  `TYPE` varchar(20) default NULL,
  `NAME` varchar(20) default NULL,
  `DESIGNATION` varchar(20) default NULL,
  `PHONE_NUMBER` varchar(20) default NULL,
  `EMAIL_ID` varchar(50) default NULL,
  `RELATIONSHIP` varchar(20) default NULL,
  PRIMARY KEY  (`ID`)
) ENGINE=InnoDB AUTO_INCREMENT=57 DEFAULT CHARSET=latin1;

--
-- Dumping data for table `DIKSHA_PORTAL_2`.`CONTACT_TYPE`
--

/*!40000 ALTER TABLE `CONTACT_TYPE` DISABLE KEYS */;
LOCK TABLES `CONTACT_TYPE` WRITE;
UNLOCK TABLES;
/*!40000 ALTER TABLE `CONTACT_TYPE` ENABLE KEYS */;


--
-- Definition of table `DIKSHA_PORTAL_2`.`CURRENCY`
--

DROP TABLE IF EXISTS `DIKSHA_PORTAL_2`.`CURRENCY`;
CREATE TABLE  `DIKSHA_PORTAL_2`.`CURRENCY` (
  `ID` int(11) NOT NULL auto_increment,
  `NAME` varchar(50) default NULL,
  `ABBREVATION` varchar(25) default NULL,
  PRIMARY KEY  (`ID`)
) ENGINE=InnoDB AUTO_INCREMENT=36 DEFAULT CHARSET=latin1;

--
-- Dumping data for table `DIKSHA_PORTAL_2`.`CURRENCY`
--

/*!40000 ALTER TABLE `CURRENCY` DISABLE KEYS */;
LOCK TABLES `CURRENCY` WRITE;
INSERT INTO `DIKSHA_PORTAL_2`.`CURRENCY` VALUES  (1,'INDIAN RUPEE','INR'),
 (2,'US DOLLAR','USD'),
 (3,'AUSTRALIAN DOLLAR ','AUD'),
 (4,'CANADIAN DOLLAR ','CAD'),
 (5,'BRITISH POUND','GBP'),
 (6,'EURO','EUR'),
 (7,'CHINESE YUAN','CNY'),
 (8,'JAPAN YEN','JPY'),
 (9,'UAE DHIRAM','AED'),
 (10,'SINGAPORE DOLLAR','SGD'),
 (11,'MALAYSIAN RINGGIT','MYR'),
 (12,'SOUTH-KOREAN WON','KRW'),
 (18,'INDIAN RUPEE','INR'),
 (19,'US DOLLAR','USD'),
 (20,'AUSTRALIAN DOLLAR ','AUD'),
 (21,'CANADIAN DOLLAR ','CAD'),
 (22,'BRITISH POUND','GBP'),
 (23,'EURO','EUR'),
 (24,'CHINESE YUAN','CNY'),
 (25,'JAPAN YEN','JPY'),
 (26,'UAE DHIRAM','AED'),
 (27,'INDIAN RUPEE','INR'),
 (28,'US DOLLAR','USD'),
 (29,'AUSTRALIAN DOLLAR ','AUD'),
 (30,'CANADIAN DOLLAR ','CAD'),
 (31,'BRITISH POUND','GBP'),
 (32,'EURO','EUR'),
 (33,'CHINESE YUAN','CNY'),
 (34,'JAPAN YEN','JPY'),
 (35,'UAE DHIRAM','AED');
UNLOCK TABLES;
/*!40000 ALTER TABLE `CURRENCY` ENABLE KEYS */;


--
-- Definition of table `DIKSHA_PORTAL_2`.`CURRENCY_TYPE`
--

DROP TABLE IF EXISTS `DIKSHA_PORTAL_2`.`CURRENCY_TYPE`;
CREATE TABLE  `DIKSHA_PORTAL_2`.`CURRENCY_TYPE` (
  `ID` int(11) NOT NULL auto_increment,
  `TYPE` varchar(50) default NULL,
  PRIMARY KEY  (`ID`)
) ENGINE=InnoDB AUTO_INCREMENT=4 DEFAULT CHARSET=latin1;

--
-- Dumping data for table `DIKSHA_PORTAL_2`.`CURRENCY_TYPE`
--

/*!40000 ALTER TABLE `CURRENCY_TYPE` DISABLE KEYS */;
LOCK TABLES `CURRENCY_TYPE` WRITE;
INSERT INTO `DIKSHA_PORTAL_2`.`CURRENCY_TYPE` VALUES  (1,'INR'),
 (2,'USD'),
 (3,'AUD');
UNLOCK TABLES;
/*!40000 ALTER TABLE `CURRENCY_TYPE` ENABLE KEYS */;


--
-- Definition of table `DIKSHA_PORTAL_2`.`DIVISON`
--

DROP TABLE IF EXISTS `DIKSHA_PORTAL_2`.`DIVISON`;
CREATE TABLE  `DIKSHA_PORTAL_2`.`DIVISON` (
  `ID` int(11) NOT NULL auto_increment,
  `NAME` varchar(45) default NULL,
  `PARENT_ID` int(11) NOT NULL default '0',
  `REGION_ID` int(11) NOT NULL,
  PRIMARY KEY  (`ID`),
  UNIQUE KEY `NAME` (`NAME`,`REGION_ID`),
  KEY `DIVISION_REGION_ID_FK` (`REGION_ID`),
  CONSTRAINT `DIVISION_REGION_ID_FK` FOREIGN KEY (`REGION_ID`) REFERENCES `REGIONS` (`ID`) ON DELETE CASCADE
) ENGINE=InnoDB AUTO_INCREMENT=32 DEFAULT CHARSET=latin1;

--
-- Dumping data for table `DIKSHA_PORTAL_2`.`DIVISON`
--

/*!40000 ALTER TABLE `DIVISON` DISABLE KEYS */;
LOCK TABLES `DIVISON` WRITE;
INSERT INTO `DIKSHA_PORTAL_2`.`DIVISON` VALUES  (2,'Human Resource Department',0,1),
 (3,'Finance',0,1),
 (4,'Business Development',0,1),
 (7,'Business/Process',1,1),
 (8,'Java',1,1),
 (9,'UI',1,1),
 (10,'Systems',1,1),
 (11,'QA',1,1),
 (12,'Talent Acquisition',2,1),
 (14,'Kenan',5,1),
 (15,'Tibco',5,1),
 (16,'Oracle Solutions',5,1),
 (18,'Technical',0,1),
 (19,'Facilities',0,1),
 (20,'Operations',0,3),
 (21,'Business',0,3),
 (22,'Technical',0,3),
 (23,'Business',0,2),
 (24,'Operations',0,2),
 (25,'Technical',0,2),
 (26,'RMG',2,1),
 (27,'Human Resource',20,3),
 (28,'Accounts',20,3),
 (29,'Human Resource',24,2),
 (30,'Accounts',24,2),
 (31,'Management',0,1);
UNLOCK TABLES;
/*!40000 ALTER TABLE `DIVISON` ENABLE KEYS */;


--
-- Definition of table `DIKSHA_PORTAL_2`.`DOCUMENTS`
--

DROP TABLE IF EXISTS `DIKSHA_PORTAL_2`.`DOCUMENTS`;
CREATE TABLE  `DIKSHA_PORTAL_2`.`DOCUMENTS` (
  `ID` int(11) NOT NULL auto_increment,
  `FILENAME` varchar(50) default NULL,
  `DOCTYPE` varchar(50) default NULL,
  `DESCRIPTIONS` blob,
  PRIMARY KEY  (`ID`)
) ENGINE=InnoDB AUTO_INCREMENT=30 DEFAULT CHARSET=latin1;

--
-- Dumping data for table `DIKSHA_PORTAL_2`.`DOCUMENTS`
--

/*!40000 ALTER TABLE `DOCUMENTS` DISABLE KEYS */;
LOCK TABLES `DOCUMENTS` WRITE;
UNLOCK TABLES;
/*!40000 ALTER TABLE `DOCUMENTS` ENABLE KEYS */;


--
-- Definition of table `DIKSHA_PORTAL_2`.`DOCUMENT_MAPPING`
--

DROP TABLE IF EXISTS `DIKSHA_PORTAL_2`.`DOCUMENT_MAPPING`;
CREATE TABLE  `DIKSHA_PORTAL_2`.`DOCUMENT_MAPPING` (
  `ID` int(11) NOT NULL auto_increment,
  `DOCUMENT_ID` int(11) default NULL,
  `EXPERIENCE_ID` int(11) default NULL,
  `EDUCATION_ID` int(11) default NULL,
  `PASSPORT_ID` int(11) default NULL,
  `FINANCE_ID` int(11) default NULL,
  PRIMARY KEY  (`ID`),
  KEY `EDU_FK` (`EDUCATION_ID`),
  KEY `EXP_FK` (`EXPERIENCE_ID`),
  KEY `FIN_FK` (`FINANCE_ID`),
  KEY `PASS_FK` (`PASSPORT_ID`),
  KEY `DOC_FK` (`DOCUMENT_ID`),
  CONSTRAINT `DOC_FK` FOREIGN KEY (`DOCUMENT_ID`) REFERENCES `DOCUMENTS` (`ID`) ON DELETE CASCADE ON UPDATE NO ACTION,
  CONSTRAINT `EDU_FK` FOREIGN KEY (`EDUCATION_ID`) REFERENCES `EDUCATION_INFO` (`ID`) ON DELETE CASCADE ON UPDATE NO ACTION,
  CONSTRAINT `EXP_FK` FOREIGN KEY (`EXPERIENCE_ID`) REFERENCES `EXPERIENCE_INFO` (`ID`) ON DELETE CASCADE ON UPDATE NO ACTION,
  CONSTRAINT `FIN_FK` FOREIGN KEY (`FINANCE_ID`) REFERENCES `FINANCE_INFO` (`ID`) ON DELETE CASCADE ON UPDATE NO ACTION,
  CONSTRAINT `PASS_FK` FOREIGN KEY (`PASSPORT_ID`) REFERENCES `PASSPORT_INFO` (`ID`) ON DELETE CASCADE ON UPDATE NO ACTION
) ENGINE=InnoDB AUTO_INCREMENT=2 DEFAULT CHARSET=latin1;

--
-- Dumping data for table `DIKSHA_PORTAL_2`.`DOCUMENT_MAPPING`
--

/*!40000 ALTER TABLE `DOCUMENT_MAPPING` DISABLE KEYS */;
LOCK TABLES `DOCUMENT_MAPPING` WRITE;
UNLOCK TABLES;
/*!40000 ALTER TABLE `DOCUMENT_MAPPING` ENABLE KEYS */;


--
-- Definition of table `DIKSHA_PORTAL_2`.`EDUCATION_INFO`
--

DROP TABLE IF EXISTS `DIKSHA_PORTAL_2`.`EDUCATION_INFO`;
CREATE TABLE  `DIKSHA_PORTAL_2`.`EDUCATION_INFO` (
  `ID` int(11) NOT NULL auto_increment,
  `DEGREE_COURSE` varchar(50) default NULL,
  `TYPE` varchar(30) default NULL,
  `SUBJECT_MAJOR` varchar(30) default NULL,
  `START_DATE` varchar(30) default NULL,
  `YEAR_PASSING` int(4) default NULL,
  `STUD_ID_NO_ENROLL_NO` varchar(20) default NULL,
  `COLLEGE_UNIVERSITY` varchar(30) default NULL,
  `GRADE_PERCENTAGE` varchar(6) default NULL,
  `GRADUTION_DATE` varchar(100) default NULL,
  `CANDIDATE_ID` int(11) default NULL,
  `USER_ID` int(11) default NULL,
  `SEQUENCE` int(11) default '1',
  PRIMARY KEY  (`ID`),
  KEY `EDUCTAION_USER_ID_FK` (`USER_ID`),
  KEY `EDUCTAION_CAND_ID_FK` (`CANDIDATE_ID`),
  CONSTRAINT `EDUCTAION_CAND_ID_FK` FOREIGN KEY (`CANDIDATE_ID`) REFERENCES `CANDIDATE` (`ID`) ON DELETE CASCADE ON UPDATE SET NULL,
  CONSTRAINT `EDUCTAION_USER_ID_FK` FOREIGN KEY (`USER_ID`) REFERENCES `USERS` (`ID`) ON DELETE CASCADE ON UPDATE NO ACTION
) ENGINE=InnoDB AUTO_INCREMENT=4 DEFAULT CHARSET=latin1;

--
-- Dumping data for table `DIKSHA_PORTAL_2`.`EDUCATION_INFO`
--

/*!40000 ALTER TABLE `EDUCATION_INFO` DISABLE KEYS */;
LOCK TABLES `EDUCATION_INFO` WRITE;
UNLOCK TABLES;
/*!40000 ALTER TABLE `EDUCATION_INFO` ENABLE KEYS */;


--
-- Definition of table `DIKSHA_PORTAL_2`.`EMPLOYMENTTYPE`
--

DROP TABLE IF EXISTS `DIKSHA_PORTAL_2`.`EMPLOYMENTTYPE`;
CREATE TABLE  `DIKSHA_PORTAL_2`.`EMPLOYMENTTYPE` (
  `ID` int(11) NOT NULL auto_increment,
  `EMPLOYMENT_TYPE` varchar(50) default NULL,
  PRIMARY KEY  (`ID`)
) ENGINE=InnoDB AUTO_INCREMENT=3 DEFAULT CHARSET=latin1;

--
-- Dumping data for table `DIKSHA_PORTAL_2`.`EMPLOYMENTTYPE`
--

/*!40000 ALTER TABLE `EMPLOYMENTTYPE` DISABLE KEYS */;
LOCK TABLES `EMPLOYMENTTYPE` WRITE;
INSERT INTO `DIKSHA_PORTAL_2`.`EMPLOYMENTTYPE` VALUES  (1,'PERMANENT'),
 (2,'CONTRACT');
UNLOCK TABLES;
/*!40000 ALTER TABLE `EMPLOYMENTTYPE` ENABLE KEYS */;


--
-- Definition of table `DIKSHA_PORTAL_2`.`EMP_SER_REQ_MAP`
--

DROP TABLE IF EXISTS `DIKSHA_PORTAL_2`.`EMP_SER_REQ_MAP`;
CREATE TABLE  `DIKSHA_PORTAL_2`.`EMP_SER_REQ_MAP` (
  `ID` int(11) NOT NULL auto_increment,
  `SUB_DATE` date default NULL,
  `REQ_ID` varchar(20) NOT NULL,
  `REQ_TYPE_ID` int(11) default NULL,
  `REGION_ID` int(11) default NULL,
  `REQUESTOR_ID` int(11) default NULL,
  `PROCESSCHAIN_ID` int(11) default '0',
  `NOTIFY` varchar(200) default NULL,
  PRIMARY KEY  (`ID`),
  KEY `SER_REQ_FK` (`REQ_TYPE_ID`),
  KEY `SER_REQUESTER_USERS_ID_FK` (`REQUESTOR_ID`),
  KEY `ESR_MAP_REGION_ID_FK` (`REGION_ID`),
  CONSTRAINT `ESR_MAP_REGION_ID_FK` FOREIGN KEY (`REGION_ID`) REFERENCES `REGIONS` (`ID`) ON DELETE CASCADE ON UPDATE SET NULL,
  CONSTRAINT `SER_REQUESTER_USERS_ID_FK` FOREIGN KEY (`REQUESTOR_ID`) REFERENCES `USERS` (`ID`) ON DELETE SET NULL ON UPDATE NO ACTION
) ENGINE=InnoDB AUTO_INCREMENT=83 DEFAULT CHARSET=latin1;

--
-- Dumping data for table `DIKSHA_PORTAL_2`.`EMP_SER_REQ_MAP`
--

/*!40000 ALTER TABLE `EMP_SER_REQ_MAP` DISABLE KEYS */;
LOCK TABLES `EMP_SER_REQ_MAP` WRITE;
INSERT INTO `DIKSHA_PORTAL_2`.`EMP_SER_REQ_MAP` VALUES  (1,'2012-01-01','IN-RN-1',9,1,1,1,NULL),
 (2,'2012-05-16','IN-PR-1560516',10,1,1,NULL,NULL),
 (3,'2012-05-16','IN-PR-1570516',10,1,1,NULL,NULL),
 (4,'2012-05-18','IN-IS-1',6,1,NULL,12,'1,0,0,0|HRSPOC,RM'),
 (10,'2012-05-18','IN-RM-1',5,1,NULL,1,'0,0,0,0|102'),
 (11,'2012-05-18','IN-RM-2',5,1,NULL,1,'0,0,0,0|102'),
 (12,'2012-05-22','IN-CAD-1',7,1,1,1,'0,0,0,0|102'),
 (13,'2012-05-22','IN-CAD-2',7,1,1,1,'0,0,0,0|102'),
 (14,'2012-05-22','IN-RM-3',5,1,NULL,9,''),
 (15,'2012-05-22','IN-IS-2',6,1,NULL,12,'1,0,0,0|HRSPOC,RM'),
 (16,'2012-05-23','IN-CAD-3',7,1,1,1,'0,0,0,0|102'),
 (17,'2012-05-25','IN-CAD-4',7,1,1,1,'0,0,0,0|102'),
 (18,'2012-05-25','IN-RN-17510525',9,1,NULL,1,'0,0,0,0|102'),
 (19,'2012-05-25','IN-RN-17080525',9,1,NULL,1,'0,0,0,0|102'),
 (20,'2012-05-25','IN-RN-17440525',9,1,NULL,1,'0,0,0,0|102'),
 (21,'2012-05-29','IN-PR-1270529',10,1,1,NULL,NULL),
 (22,'2012-05-29','IN-TS-1',8,1,1,1,NULL),
 (23,'2012-05-29','IN-RN-4470529',9,1,1,1,'0,0,0,0|102'),
 (24,'2012-05-29','IN-RN-4190529',9,1,1,1,'0,0,0,0|102'),
 (25,'2012-05-30','IN-CAD-5',7,1,NULL,1,'0,0,0,0|102'),
 (26,'2012-05-30','IN-LV-1',1,1,NULL,2,NULL),
 (27,'2012-05-31','IN-CAD-6',7,1,NULL,1,'0,0,0,0|102'),
 (28,'2012-06-01','IN-PR-17110601',10,1,NULL,NULL,NULL),
 (29,'2012-06-01','IN-PR-1360601',10,1,1,NULL,NULL),
 (30,'2012-06-04','IN-LV-2',1,1,NULL,2,NULL),
 (31,'2012-06-04','IN-LV-3',1,1,NULL,2,NULL),
 (32,'2012-06-04','IN-RN-7050604',9,1,NULL,10,'1,0,0,0|RM'),
 (33,'2012-06-04','IN-CAD-7',7,1,NULL,1,'0,0,0,0|102'),
 (35,'2012-06-05','IN-CAD-8',7,1,NULL,1,'0,0,0,0|102'),
 (36,'2012-06-05','IN-CAD-9',7,1,NULL,1,'0,0,0,0|102'),
 (38,'2012-06-05','IN-SO-0002',3,1,NULL,7,NULL),
 (39,'2012-06-05','IN-RM-4',5,1,NULL,9,''),
 (43,'2012-06-05','IN-PR-13480605',10,1,NULL,NULL,NULL),
 (44,'2012-06-05','IN-RN-17360605',9,1,NULL,1,'0,0,0,0|102'),
 (45,'2012-06-05','IN-CAD-10',7,1,NULL,1,'0,0,0,0|102'),
 (47,'2012-06-05','IN-LV-4',1,1,NULL,3,NULL),
 (49,'2012-06-05','IN-LV-5',1,1,NULL,3,NULL),
 (50,'2012-06-05','IN-RN-17330605',9,1,NULL,1,'0,0,0,0|102'),
 (51,'2012-06-06','IN-CAD-11',7,1,1,1,'0,0,0,0|102'),
 (52,'2012-06-06','IN-CAD-12',7,1,1,1,'0,0,0,0|102'),
 (53,'2012-06-06','IN-CAD-13',7,1,1,1,'0,0,0,0|102'),
 (56,'2012-06-06','IN-SO-0007',3,1,NULL,7,NULL),
 (57,'2012-06-06','IN-SO-0008',3,1,NULL,7,NULL),
 (58,'2012-06-06','IN-IS-3',6,1,NULL,1,'0,0,0,0|102'),
 (59,'2012-06-06','IN-SO-0009',3,1,NULL,7,NULL),
 (60,'2012-06-06','IN-LV-6',1,1,NULL,2,NULL),
 (61,'2012-06-06','IN-CAD-14',7,1,NULL,1,'0,0,0,0|102'),
 (62,'2012-06-07','IN-LV-7',1,1,NULL,2,NULL),
 (63,'2012-06-07','IN-SO-0010',3,1,NULL,7,NULL),
 (64,'2012-06-07','IN-IS-4',6,1,NULL,12,'1,0,0,0|HRSPOC,RM'),
 (65,'2012-06-07','IN-SO-0011',3,1,NULL,7,NULL),
 (66,'2012-06-07','IN-SO-0012',3,1,NULL,7,NULL),
 (67,'2012-06-12','IN-TL-6',2,1,NULL,6,NULL),
 (68,'2012-06-12','IN-RN-22330612',9,1,NULL,1,'0,0,0,0|102'),
 (69,'2012-06-12','IN-RN-23280612',9,1,NULL,1,'0,0,0,0|102'),
 (70,'2012-06-12','IN-RN-24160612',9,1,NULL,1,'0,0,0,0|102'),
 (71,'2012-06-12','IN-RN-25080612',9,1,NULL,1,'0,0,0,0|102'),
 (72,'2012-06-12','IN-RN-26390612',9,1,NULL,1,'0,0,0,0|102'),
 (73,'2012-06-15','IN-TL-7',2,1,NULL,6,NULL),
 (76,'2012-06-15','IN-SO-0015',3,1,NULL,7,NULL),
 (77,'2012-06-15','IN-SO-0016',3,1,NULL,7,NULL),
 (78,'2012-06-25','IN-LV-8',1,1,NULL,3,NULL),
 (81,'2012-06-25','IN-LV-9',1,1,NULL,3,NULL),
 (82,'2012-06-25','IN-TL-5',2,1,NULL,6,NULL);
UNLOCK TABLES;
/*!40000 ALTER TABLE `EMP_SER_REQ_MAP` ENABLE KEYS */;


--
-- Definition of table `DIKSHA_PORTAL_2`.`EXPERIENCE_INFO`
--

DROP TABLE IF EXISTS `DIKSHA_PORTAL_2`.`EXPERIENCE_INFO`;
CREATE TABLE  `DIKSHA_PORTAL_2`.`EXPERIENCE_INFO` (
  `ID` int(11) NOT NULL auto_increment,
  `COMPANY` varchar(30) default NULL,
  `CURRENT_EMP` tinyint(1) default NULL,
  `DATE_JOINING` date default NULL,
  `DATE_RELIEVING` date default NULL,
  `JOINING_DESIGNATION` varchar(30) default NULL,
  `LEAVING_DESIGNATION` varchar(30) default NULL,
  `RPT_MGR_NAME` varchar(60) default NULL,
  `HR_NAME` varchar(60) default NULL,
  `EMPLOYMENT_TYPE` enum('PERMANENT','TEMPORARY') default NULL,
  `EMP_CODE` varchar(10) default NULL,
  `LEAVING_REASON` text,
  `CANDIDATE_ID` int(11) default NULL,
  `USER_ID` int(11) default NULL,
  PRIMARY KEY  (`ID`),
  KEY `CAND_ID_FK` (`CANDIDATE_ID`),
  KEY `USER_ID` (`USER_ID`),
  CONSTRAINT `CAND_ID_FK` FOREIGN KEY (`CANDIDATE_ID`) REFERENCES `CANDIDATE` (`ID`) ON DELETE CASCADE ON UPDATE NO ACTION,
  CONSTRAINT `USER_ID` FOREIGN KEY (`USER_ID`) REFERENCES `USERS` (`ID`) ON DELETE CASCADE ON UPDATE NO ACTION
) ENGINE=InnoDB DEFAULT CHARSET=latin1;

--
-- Dumping data for table `DIKSHA_PORTAL_2`.`EXPERIENCE_INFO`
--

/*!40000 ALTER TABLE `EXPERIENCE_INFO` DISABLE KEYS */;
LOCK TABLES `EXPERIENCE_INFO` WRITE;
UNLOCK TABLES;
/*!40000 ALTER TABLE `EXPERIENCE_INFO` ENABLE KEYS */;


--
-- Definition of table `DIKSHA_PORTAL_2`.`FINANCE_INFO`
--

DROP TABLE IF EXISTS `DIKSHA_PORTAL_2`.`FINANCE_INFO`;
CREATE TABLE  `DIKSHA_PORTAL_2`.`FINANCE_INFO` (
  `ID` int(11) NOT NULL auto_increment,
  `PF_ACC_NO` varchar(30) default NULL,
  `PAN_NO` varchar(10) default NULL,
  `CTC` int(10) default NULL,
  `PRIM_BANK_ACC_NO` varchar(20) default NULL,
  `PRIM_BANK_NAME` varchar(30) default NULL,
  `SEC_BANK_ACC_NO` varchar(20) default NULL,
  `SEC_BANK_NAME` varchar(30) default NULL,
  `SALARY_DETAIL` text,
  PRIMARY KEY  (`ID`)
) ENGINE=InnoDB AUTO_INCREMENT=10 DEFAULT CHARSET=latin1;

--
-- Dumping data for table `DIKSHA_PORTAL_2`.`FINANCE_INFO`
--

/*!40000 ALTER TABLE `FINANCE_INFO` DISABLE KEYS */;
LOCK TABLES `FINANCE_INFO` WRITE;
UNLOCK TABLES;
/*!40000 ALTER TABLE `FINANCE_INFO` ENABLE KEYS */;


--
-- Definition of table `DIKSHA_PORTAL_2`.`HANDLER_ACTION`
--

DROP TABLE IF EXISTS `DIKSHA_PORTAL_2`.`HANDLER_ACTION`;
CREATE TABLE  `DIKSHA_PORTAL_2`.`HANDLER_ACTION` (
  `ID` int(11) NOT NULL auto_increment,
  `SAVE` tinyint(1) default '0',
  `VIEW` tinyint(1) default '0',
  `ADD` tinyint(1) default '0',
  `ASSIGN` tinyint(1) default '0',
  `MONITOR` tinyint(1) default '0',
  `MODIFY` tinyint(1) default '0',
  `MARK_COMPLETED` tinyint(1) default '0',
  `ENABLE` tinyint(1) default '0',
  `DISABLE` tinyint(1) default '0',
  `MARK_AS_EMPLOYEE` tinyint(1) default '0',
  `PROC_CHAIN_ID` int(11) NOT NULL default '0',
  PRIMARY KEY  (`ID`),
  KEY `HANDLER_ACTION_PROC_ID_FK` (`PROC_CHAIN_ID`),
  CONSTRAINT `HANDLER_ACTION_PROC_ID_` FOREIGN KEY (`PROC_CHAIN_ID`) REFERENCES `PROCESS_CHAIN` (`ID`),
  CONSTRAINT `HANDLER_ACTION_PROC_ID_FK` FOREIGN KEY (`PROC_CHAIN_ID`) REFERENCES `PROCESS_CHAIN` (`ID`) ON DELETE CASCADE
) ENGINE=InnoDB DEFAULT CHARSET=latin1;

--
-- Dumping data for table `DIKSHA_PORTAL_2`.`HANDLER_ACTION`
--

/*!40000 ALTER TABLE `HANDLER_ACTION` DISABLE KEYS */;
LOCK TABLES `HANDLER_ACTION` WRITE;
UNLOCK TABLES;
/*!40000 ALTER TABLE `HANDLER_ACTION` ENABLE KEYS */;


--
-- Definition of table `DIKSHA_PORTAL_2`.`HOLIDAYS`
--

DROP TABLE IF EXISTS `DIKSHA_PORTAL_2`.`HOLIDAYS`;
CREATE TABLE  `DIKSHA_PORTAL_2`.`HOLIDAYS` (
  `ID` int(11) NOT NULL auto_increment,
  `CAL_ID` int(11) NOT NULL,
  `HOLIDAY_NAME` varchar(100) default NULL,
  `DATE_PICKER` date default NULL,
  PRIMARY KEY  (`ID`),
  KEY `CAL_ID_FK` (`CAL_ID`),
  CONSTRAINT `CAL_ID_FK1` FOREIGN KEY (`CAL_ID`) REFERENCES `CALENDAR` (`ID`) ON DELETE CASCADE
) ENGINE=InnoDB AUTO_INCREMENT=3 DEFAULT CHARSET=latin1;

--
-- Dumping data for table `DIKSHA_PORTAL_2`.`HOLIDAYS`
--

/*!40000 ALTER TABLE `HOLIDAYS` DISABLE KEYS */;
LOCK TABLES `HOLIDAYS` WRITE;
UNLOCK TABLES;
/*!40000 ALTER TABLE `HOLIDAYS` ENABLE KEYS */;


--
-- Definition of table `DIKSHA_PORTAL_2`.`INBOX`
--

DROP TABLE IF EXISTS `DIKSHA_PORTAL_2`.`INBOX`;
CREATE TABLE  `DIKSHA_PORTAL_2`.`INBOX` (
  `ID` int(11) NOT NULL auto_increment,
  `RECEIVER_ID` int(11) NOT NULL,
  `ESR_MAP_ID` int(11) default NULL,
  `SUBJECT` varchar(100) default NULL,
  `ASSIGNED_TO` int(11) default NULL,
  `RAISED_BY` int(11) default NULL,
  `CREATION_DATETIME` timestamp NOT NULL default CURRENT_TIMESTAMP on update CURRENT_TIMESTAMP,
  `DUE_DATE` date default NULL,
  `STATUS` varchar(20) NOT NULL,
  `CATEGORY` varchar(50) NOT NULL,
  `IS_READ` tinyint(1) NOT NULL,
  `IS_DELETED` tinyint(1) NOT NULL default '0',
  `MESSAGE_BODY` longtext,
  `ASSIGNED_NAME` varchar(50) default NULL,
  `RAISED_BY_NAME` varchar(50) default NULL,
  `REQUEST_ID` varchar(50) default NULL,
  PRIMARY KEY  (`ID`),
  KEY `INBOX_USER_FK` (`RECEIVER_ID`),
  KEY `INBOX_ESRM_ID_FK` (`ESR_MAP_ID`),
  CONSTRAINT `INBOX_ESRM_ID_FK` FOREIGN KEY (`ESR_MAP_ID`) REFERENCES `EMP_SER_REQ_MAP` (`ID`) ON DELETE CASCADE,
  CONSTRAINT `INBOX_USER_FK` FOREIGN KEY (`RECEIVER_ID`) REFERENCES `USERS` (`ID`) ON DELETE CASCADE
) ENGINE=InnoDB AUTO_INCREMENT=121 DEFAULT CHARSET=latin1;

--
-- Dumping data for table `DIKSHA_PORTAL_2`.`INBOX`
--

/*!40000 ALTER TABLE `INBOX` DISABLE KEYS */;
LOCK TABLES `INBOX` WRITE;
UNLOCK TABLES;
/*!40000 ALTER TABLE `INBOX` ENABLE KEYS */;


--
-- Definition of table `DIKSHA_PORTAL_2`.`ISSUES`
--

DROP TABLE IF EXISTS `DIKSHA_PORTAL_2`.`ISSUES`;
CREATE TABLE  `DIKSHA_PORTAL_2`.`ISSUES` (
  `ID` int(11) NOT NULL auto_increment,
  `IS_NAME` varchar(100) NOT NULL,
  `DIV_ID` int(11) NOT NULL,
  `FEATURE_ISSUE_ID` int(11) NOT NULL,
  PRIMARY KEY  (`ID`),
  KEY `FEATURE_ISSUES_REQ_ID_FK` (`FEATURE_ISSUE_ID`),
  CONSTRAINT `FEATURE_ISSUES_REQ_ID_FK` FOREIGN KEY (`FEATURE_ISSUE_ID`) REFERENCES `MODULES` (`ID`) ON DELETE CASCADE
) ENGINE=InnoDB AUTO_INCREMENT=15 DEFAULT CHARSET=latin1;

--
-- Dumping data for table `DIKSHA_PORTAL_2`.`ISSUES`
--

/*!40000 ALTER TABLE `ISSUES` DISABLE KEYS */;
LOCK TABLES `ISSUES` WRITE;
INSERT INTO `DIKSHA_PORTAL_2`.`ISSUES` VALUES  (1,'Salary/Perdiem credit related issues',3,43),
 (2,'Medical Coverage & Sodexo related issues',3,44),
 (3,'Joining Bonus/Annual Bonus/Relocation/Loan Issues',3,45),
 (4,'Medical Reimbursements credit related issues',3,46),
 (5,'Access Card (lost/issue/damage) related issues',13,47),
 (6,'Travel/ Accommodation related issues',13,48),
 (7,'Bank account related issues',13,49),
 (8,'Leave/Attendance/Timesheet issues',2,50),
 (9,'Location constraint/Project Placement',2,51),
 (10,'Salary & Designation related issues',2,52),
 (11,'Offer letter & Confirmation Letter related issues',2,53),
 (12,'HR Policies and documents related issues\n',2,54),
 (13,'Training & Development related issues',2,55),
 (14,'Others',2,56);
UNLOCK TABLES;
/*!40000 ALTER TABLE `ISSUES` ENABLE KEYS */;


--
-- Definition of table `DIKSHA_PORTAL_2`.`ISSUE_APPROVER_CHAIN_REQ`
--

DROP TABLE IF EXISTS `DIKSHA_PORTAL_2`.`ISSUE_APPROVER_CHAIN_REQ`;
CREATE TABLE  `DIKSHA_PORTAL_2`.`ISSUE_APPROVER_CHAIN_REQ` (
  `ID` int(11) NOT NULL auto_increment,
  `ESRQM_ID` int(11) NOT NULL,
  `STATUS` varchar(20) default NULL,
  `ASSIGNED_TO` int(11) default NULL,
  `RAISED_BY` int(11) default NULL,
  `SUMMARY` varchar(50) default NULL,
  `DESCRIPTION` varchar(50) default NULL,
  `CREATEDATETIME` timestamp NOT NULL default CURRENT_TIMESTAMP,
  `SEQUENCE` int(11) NOT NULL,
  `MESSAGE_BODY` text,
  `ACTION_BY` int(11) default NULL,
  PRIMARY KEY  (`ID`),
  KEY `ISSUE_RAISED_REQ_ESRM_ID_FK` (`ESRQM_ID`),
  CONSTRAINT `ISSUE_RAISED_REQ_ESRM_ID_FK` FOREIGN KEY (`ESRQM_ID`) REFERENCES `EMP_SER_REQ_MAP` (`ID`) ON DELETE CASCADE
) ENGINE=InnoDB DEFAULT CHARSET=latin1;

--
-- Dumping data for table `DIKSHA_PORTAL_2`.`ISSUE_APPROVER_CHAIN_REQ`
--

/*!40000 ALTER TABLE `ISSUE_APPROVER_CHAIN_REQ` DISABLE KEYS */;
LOCK TABLES `ISSUE_APPROVER_CHAIN_REQ` WRITE;
UNLOCK TABLES;
/*!40000 ALTER TABLE `ISSUE_APPROVER_CHAIN_REQ` ENABLE KEYS */;


--
-- Definition of table `DIKSHA_PORTAL_2`.`ISSUE_COMMENTS`
--

DROP TABLE IF EXISTS `DIKSHA_PORTAL_2`.`ISSUE_COMMENTS`;
CREATE TABLE  `DIKSHA_PORTAL_2`.`ISSUE_COMMENTS` (
  `ID` int(11) NOT NULL auto_increment,
  `COMMENT` char(50) default NULL,
  `ATTACHMENT` varchar(50) default NULL,
  `COMMENT_DATE` timestamp NOT NULL default CURRENT_TIMESTAMP,
  `IS_REPLY` tinyint(1) NOT NULL default '0',
  PRIMARY KEY  (`ID`)
) ENGINE=InnoDB DEFAULT CHARSET=latin1;

--
-- Dumping data for table `DIKSHA_PORTAL_2`.`ISSUE_COMMENTS`
--

/*!40000 ALTER TABLE `ISSUE_COMMENTS` DISABLE KEYS */;
LOCK TABLES `ISSUE_COMMENTS` WRITE;
UNLOCK TABLES;
/*!40000 ALTER TABLE `ISSUE_COMMENTS` ENABLE KEYS */;


--
-- Definition of table `DIKSHA_PORTAL_2`.`ISSUE_COMMENTS_MAP`
--

DROP TABLE IF EXISTS `DIKSHA_PORTAL_2`.`ISSUE_COMMENTS_MAP`;
CREATE TABLE  `DIKSHA_PORTAL_2`.`ISSUE_COMMENTS_MAP` (
  `ID` int(11) NOT NULL auto_increment,
  `COMMENT_ID` int(11) NOT NULL,
  `USER_ID` int(11) NOT NULL,
  `ESR_MAP_ID` int(11) default NULL,
  PRIMARY KEY  (`ID`),
  KEY `ISSUE_COMMENTS_MAP_COMMENT_ID_FK` (`COMMENT_ID`),
  KEY `ISSUE_COMMENTS_MAP_USER_ID_FK` (`USER_ID`),
  KEY `ISSUE_COMMENTS_MAP_EMP_SER_ID_FK` (`ESR_MAP_ID`),
  CONSTRAINT `COMMENTS_MAP_EMP_SER_ID_FK` FOREIGN KEY (`ESR_MAP_ID`) REFERENCES `EMP_SER_REQ_MAP` (`ID`) ON DELETE CASCADE,
  CONSTRAINT `ISSUE_COMMENTS_MAP_COMMENT_ID_FK` FOREIGN KEY (`COMMENT_ID`) REFERENCES `ISSUE_COMMENTS` (`ID`) ON DELETE CASCADE,
  CONSTRAINT `ISSUE_COMMENTS_MAP_USER_ID_FK` FOREIGN KEY (`USER_ID`) REFERENCES `USERS` (`ID`) ON DELETE CASCADE
) ENGINE=InnoDB DEFAULT CHARSET=latin1;

--
-- Dumping data for table `DIKSHA_PORTAL_2`.`ISSUE_COMMENTS_MAP`
--

/*!40000 ALTER TABLE `ISSUE_COMMENTS_MAP` DISABLE KEYS */;
LOCK TABLES `ISSUE_COMMENTS_MAP` WRITE;
UNLOCK TABLES;
/*!40000 ALTER TABLE `ISSUE_COMMENTS_MAP` ENABLE KEYS */;


--
-- Definition of table `DIKSHA_PORTAL_2`.`ISSUE_COMMENT_REPLIES`
--

DROP TABLE IF EXISTS `DIKSHA_PORTAL_2`.`ISSUE_COMMENT_REPLIES`;
CREATE TABLE  `DIKSHA_PORTAL_2`.`ISSUE_COMMENT_REPLIES` (
  `ID` int(11) NOT NULL auto_increment,
  `REPLY` char(50) default NULL,
  `REPLY_DATE` timestamp NOT NULL default CURRENT_TIMESTAMP,
  `REPLIED_BY` int(11) NOT NULL,
  `COMMENT_ID` int(11) NOT NULL,
  PRIMARY KEY  (`ID`),
  KEY `ISSUE_COMMENT_REPLIES_USER_ID_FK` (`REPLIED_BY`),
  KEY `ISSUE_COMMENT_REPLIES_COMMENT_ID_FK` (`COMMENT_ID`),
  CONSTRAINT `ISSUE_COMMENT_REPLIES_COMMENT__ID_FK` FOREIGN KEY (`COMMENT_ID`) REFERENCES `ISSUE_COMMENTS` (`ID`) ON DELETE CASCADE,
  CONSTRAINT `ISSUE_COMMENT_REPLIES_USER_ID_FK` FOREIGN KEY (`REPLIED_BY`) REFERENCES `USERS` (`ID`) ON DELETE CASCADE
) ENGINE=InnoDB DEFAULT CHARSET=latin1;

--
-- Dumping data for table `DIKSHA_PORTAL_2`.`ISSUE_COMMENT_REPLIES`
--

/*!40000 ALTER TABLE `ISSUE_COMMENT_REPLIES` DISABLE KEYS */;
LOCK TABLES `ISSUE_COMMENT_REPLIES` WRITE;
UNLOCK TABLES;
/*!40000 ALTER TABLE `ISSUE_COMMENT_REPLIES` ENABLE KEYS */;


--
-- Definition of table `DIKSHA_PORTAL_2`.`ISSUE_HANDLER_CHAIN_REQ`
--

DROP TABLE IF EXISTS `DIKSHA_PORTAL_2`.`ISSUE_HANDLER_CHAIN_REQ`;
CREATE TABLE  `DIKSHA_PORTAL_2`.`ISSUE_HANDLER_CHAIN_REQ` (
  `ID` int(11) NOT NULL auto_increment,
  `ESR_MAP_ID` int(11) default NULL,
  `ASSIGNED_TO_DIV` int(11) default NULL,
  `STATUS` varchar(20) default NULL,
  `ACTION_BY` int(11) default NULL,
  `HD_EST_DATE_RESOLVE` date default NULL,
  `DATE_OF_CLOSURE` date default NULL,
  `ESCALATE_TO` int(11) default NULL,
  `H_REMARKS` varchar(100) default NULL,
  `CREATION_DATETIME` datetime default NULL,
  `SUMMARY` varchar(30) default NULL,
  `DESCRIPTION` varchar(1000) default NULL,
  `DEP_SERV_REQ` int(11) default NULL,
  `ASSIGNED_TO` int(11) default NULL,
  `MESSAGE_BODY` text,
  `SEVERITY` enum('CATASTROPHIC','SEVERE','MAJOR','MINOR','NO_EFFECT') default NULL,
  `PRIORITY` enum('High','Medium','Low') default NULL,
  `IS_COMMENT` tinyint(1) NOT NULL default '0',
  `IS_HANDLER` tinyint(1) NOT NULL default '0',
  PRIMARY KEY  (`ID`),
  KEY `ISSUE_RAISED_REQ_INFO_ESR_MAP_ID_FK` (`ESR_MAP_ID`),
  CONSTRAINT `ISSUE_RAISED_REQ_INFO_ESR_MAP_ID_FK` FOREIGN KEY (`ESR_MAP_ID`) REFERENCES `EMP_SER_REQ_MAP` (`ID`) ON DELETE CASCADE
) ENGINE=InnoDB DEFAULT CHARSET=latin1;

--
-- Dumping data for table `DIKSHA_PORTAL_2`.`ISSUE_HANDLER_CHAIN_REQ`
--

/*!40000 ALTER TABLE `ISSUE_HANDLER_CHAIN_REQ` DISABLE KEYS */;
LOCK TABLES `ISSUE_HANDLER_CHAIN_REQ` WRITE;
UNLOCK TABLES;
/*!40000 ALTER TABLE `ISSUE_HANDLER_CHAIN_REQ` ENABLE KEYS */;


--
-- Definition of table `DIKSHA_PORTAL_2`.`ITEM_COST_INFO`
--

DROP TABLE IF EXISTS `DIKSHA_PORTAL_2`.`ITEM_COST_INFO`;
CREATE TABLE  `DIKSHA_PORTAL_2`.`ITEM_COST_INFO` (
  `ID` int(11) NOT NULL auto_increment,
  `TL_ID` int(11) NOT NULL,
  `ITEM` varchar(50) default NULL,
  `ITEM_COST` double default NULL,
  PRIMARY KEY  (`ID`),
  KEY `TL_ID_FK1` (`TL_ID`)
) ENGINE=MyISAM DEFAULT CHARSET=latin1;

--
-- Dumping data for table `DIKSHA_PORTAL_2`.`ITEM_COST_INFO`
--

/*!40000 ALTER TABLE `ITEM_COST_INFO` DISABLE KEYS */;
LOCK TABLES `ITEM_COST_INFO` WRITE;
UNLOCK TABLES;
/*!40000 ALTER TABLE `ITEM_COST_INFO` ENABLE KEYS */;


--
-- Definition of table `DIKSHA_PORTAL_2`.`IT_REQUEST`
--

DROP TABLE IF EXISTS `DIKSHA_PORTAL_2`.`IT_REQUEST`;
CREATE TABLE  `DIKSHA_PORTAL_2`.`IT_REQUEST` (
  `ID` int(11) NOT NULL auto_increment,
  `ESR_MAP_ID` int(11) default NULL,
  `CATEGORY` varchar(20) NOT NULL,
  `SUMMARY` varchar(30) NOT NULL,
  `DESCRIPTION` varchar(1000) default NULL,
  `ATTACHMENT` int(11) default NULL,
  `COMMENTS` varchar(100) default NULL,
  `STATUS` varchar(100) default NULL,
  `REQUESTER_ID` int(11) default NULL,
  `ASSIGN_TO` int(11) default NULL,
  `REMARK` varchar(100) default NULL,
  `MESSAGE_BODY` text,
  `CREATE_DATE` timestamp NOT NULL default CURRENT_TIMESTAMP,
  PRIMARY KEY  (`ID`),
  KEY `IT_REQUEST_ESR_MAP_ID_FK` (`ESR_MAP_ID`),
  CONSTRAINT `IT_REQUEST_ESR_MAP_ID_FK` FOREIGN KEY (`ESR_MAP_ID`) REFERENCES `EMP_SER_REQ_MAP` (`ID`) ON DELETE SET NULL
) ENGINE=InnoDB AUTO_INCREMENT=5 DEFAULT CHARSET=latin1;

--
-- Dumping data for table `DIKSHA_PORTAL_2`.`IT_REQUEST`
--

/*!40000 ALTER TABLE `IT_REQUEST` DISABLE KEYS */;
LOCK TABLES `IT_REQUEST` WRITE;
UNLOCK TABLES;
/*!40000 ALTER TABLE `IT_REQUEST` ENABLE KEYS */;


--
-- Definition of table `DIKSHA_PORTAL_2`.`IT_REQUEST_CATEGORY`
--

DROP TABLE IF EXISTS `DIKSHA_PORTAL_2`.`IT_REQUEST_CATEGORY`;
CREATE TABLE  `DIKSHA_PORTAL_2`.`IT_REQUEST_CATEGORY` (
  `ID` int(11) NOT NULL auto_increment,
  `CATEGORY` varchar(50) NOT NULL,
  PRIMARY KEY  (`ID`)
) ENGINE=InnoDB AUTO_INCREMENT=9 DEFAULT CHARSET=latin1;

--
-- Dumping data for table `DIKSHA_PORTAL_2`.`IT_REQUEST_CATEGORY`
--

/*!40000 ALTER TABLE `IT_REQUEST_CATEGORY` DISABLE KEYS */;
LOCK TABLES `IT_REQUEST_CATEGORY` WRITE;
INSERT INTO `DIKSHA_PORTAL_2`.`IT_REQUEST_CATEGORY` VALUES  (1,'Hardware Support'),
 (2,'Software Support'),
 (3,'Database Support'),
 (4,'Server Support'),
 (5,'SVN Support'),
 (6,'VPN'),
 (7,'Access Internet'),
 (8,'Connectivity');
UNLOCK TABLES;
/*!40000 ALTER TABLE `IT_REQUEST_CATEGORY` ENABLE KEYS */;


--
-- Definition of table `DIKSHA_PORTAL_2`.`LEAVE_BALANCE`
--

DROP TABLE IF EXISTS `DIKSHA_PORTAL_2`.`LEAVE_BALANCE`;
CREATE TABLE  `DIKSHA_PORTAL_2`.`LEAVE_BALANCE` (
  `ID` int(11) NOT NULL auto_increment,
  `USER_ID` int(11) NOT NULL,
  `LEAVE_ACCUMALATED` float default NULL,
  `PATERNITY` float default NULL,
  `MARRIAGE` float default NULL,
  `BEREAVEMENT` float default NULL,
  `MATERNITY` float default NULL,
  `LEAVES_TAKEN` float default NULL,
  `BALANCE` float default NULL,
  `CREATED_ON` timestamp NOT NULL default CURRENT_TIMESTAMP,
  `COMP_OFF` float NOT NULL,
  `LWP` float default NULL,
  PRIMARY KEY  (`ID`),
  KEY `USER_LEAVE_FK` (`USER_ID`),
  CONSTRAINT `USER_LEAVE_FK` FOREIGN KEY (`USER_ID`) REFERENCES `USERS` (`ID`) ON DELETE CASCADE ON UPDATE NO ACTION
) ENGINE=InnoDB AUTO_INCREMENT=11 DEFAULT CHARSET=latin1;

--
-- Dumping data for table `DIKSHA_PORTAL_2`.`LEAVE_BALANCE`
--

/*!40000 ALTER TABLE `LEAVE_BALANCE` DISABLE KEYS */;
LOCK TABLES `LEAVE_BALANCE` WRITE;
UNLOCK TABLES;
/*!40000 ALTER TABLE `LEAVE_BALANCE` ENABLE KEYS */;


--
-- Definition of table `DIKSHA_PORTAL_2`.`LEAVE_HISTROY`
--

DROP TABLE IF EXISTS `DIKSHA_PORTAL_2`.`LEAVE_HISTROY`;
CREATE TABLE  `DIKSHA_PORTAL_2`.`LEAVE_HISTROY` (
  `ID` int(11) NOT NULL auto_increment,
  `ESR_MAP_ID` int(11) default NULL,
  `LEAVE_TYPE` int(11) default NULL,
  `CURRENT_QUOTA_BALANCE` float default '0',
  `CURRENT_DURATION` float default '0',
  PRIMARY KEY  (`ID`),
  KEY `ESR_MAP_fk_constraint` (`ESR_MAP_ID`),
  CONSTRAINT `ESR_MAP_fk_constraint` FOREIGN KEY (`ESR_MAP_ID`) REFERENCES `EMP_SER_REQ_MAP` (`ID`) ON DELETE CASCADE
) ENGINE=InnoDB AUTO_INCREMENT=9 DEFAULT CHARSET=latin1;

--
-- Dumping data for table `DIKSHA_PORTAL_2`.`LEAVE_HISTROY`
--

/*!40000 ALTER TABLE `LEAVE_HISTROY` DISABLE KEYS */;
LOCK TABLES `LEAVE_HISTROY` WRITE;
UNLOCK TABLES;
/*!40000 ALTER TABLE `LEAVE_HISTROY` ENABLE KEYS */;


--
-- Definition of table `DIKSHA_PORTAL_2`.`LEAVE_MASTER`
--

DROP TABLE IF EXISTS `DIKSHA_PORTAL_2`.`LEAVE_MASTER`;
CREATE TABLE  `DIKSHA_PORTAL_2`.`LEAVE_MASTER` (
  `ID` int(11) NOT NULL auto_increment,
  `ESR_MAP_ID` int(11) default NULL,
  `LEAVE_TYPE` int(3) default NULL,
  `CONTACT_NO` varchar(20) default NULL,
  `FROM_DATE` date default NULL,
  `TO_DATE` date default NULL,
  `DURATION` float default '0',
  `APPLIED_DATE_TIME` timestamp NOT NULL default CURRENT_TIMESTAMP,
  `APPROVED_DATE_TIME` timestamp NULL default NULL,
  `REASON` varchar(50) default NULL,
  `COMMENT` char(50) default NULL,
  `UUID` varchar(100) default NULL,
  `ATTACHMENT` varchar(50) default NULL,
  `ASSIGNED_TO` int(11) default NULL,
  `STATUS` varchar(50) default NULL,
  `ASSIGNED_TO_DIVISION` int(11) default NULL,
  `TO_CANCELL` int(11) default NULL,
  `ACTION_BY` int(11) default NULL,
  `MESSAGE_BODY` longtext,
  `SERVED` tinyint(4) default '0',
  `PROJECT_NAME` varchar(50) default NULL,
  `PROJECT_TITLE` varchar(100) default NULL,
  `REMARK` varchar(100) default NULL,
  `ISLWP` float default '0',
  PRIMARY KEY  (`ID`),
  KEY `ESR_MAP_ID_FK` (`ESR_MAP_ID`),
  KEY `LEAVE_MASTER_FK_L_TYPE_` (`LEAVE_TYPE`),
  CONSTRAINT `ESR_MAP_ID_FK` FOREIGN KEY (`ESR_MAP_ID`) REFERENCES `EMP_SER_REQ_MAP` (`ID`) ON DELETE CASCADE,
  CONSTRAINT `LEAVE_MASTER_FK_L_TYPE_` FOREIGN KEY (`LEAVE_TYPE`) REFERENCES `LEAVE_TYPE` (`ID`) ON DELETE SET NULL ON UPDATE CASCADE
) ENGINE=InnoDB AUTO_INCREMENT=17 DEFAULT CHARSET=latin1;

--
-- Dumping data for table `DIKSHA_PORTAL_2`.`LEAVE_MASTER`
--

/*!40000 ALTER TABLE `LEAVE_MASTER` DISABLE KEYS */;
LOCK TABLES `LEAVE_MASTER` WRITE;
UNLOCK TABLES;
/*!40000 ALTER TABLE `LEAVE_MASTER` ENABLE KEYS */;


--
-- Definition of table `DIKSHA_PORTAL_2`.`LEAVE_PROJECT`
--

DROP TABLE IF EXISTS `DIKSHA_PORTAL_2`.`LEAVE_PROJECT`;
CREATE TABLE  `DIKSHA_PORTAL_2`.`LEAVE_PROJECT` (
  `ID` int(11) NOT NULL auto_increment,
  `PROJECT_ID` int(11) default NULL,
  `PROJECT_NAME` varchar(15) default NULL,
  `CHARGE_CODE` int(11) default NULL,
  `TITLE` varchar(15) default NULL,
  `LEAVE_MASTER_ID` int(11) NOT NULL,
  PRIMARY KEY  (`ID`),
  KEY `Leave_master_fk` (`LEAVE_MASTER_ID`),
  CONSTRAINT `Leave_master_fk` FOREIGN KEY (`LEAVE_MASTER_ID`) REFERENCES `LEAVE_MASTER` (`ID`) ON DELETE CASCADE
) ENGINE=InnoDB DEFAULT CHARSET=latin1;

--
-- Dumping data for table `DIKSHA_PORTAL_2`.`LEAVE_PROJECT`
--

/*!40000 ALTER TABLE `LEAVE_PROJECT` DISABLE KEYS */;
LOCK TABLES `LEAVE_PROJECT` WRITE;
UNLOCK TABLES;
/*!40000 ALTER TABLE `LEAVE_PROJECT` ENABLE KEYS */;


--
-- Definition of table `DIKSHA_PORTAL_2`.`LEAVE_TYPE`
--

DROP TABLE IF EXISTS `DIKSHA_PORTAL_2`.`LEAVE_TYPE`;
CREATE TABLE  `DIKSHA_PORTAL_2`.`LEAVE_TYPE` (
  `ID` int(11) NOT NULL auto_increment,
  `LEAVE_TYPE` varchar(50) default NULL,
  PRIMARY KEY  (`ID`)
) ENGINE=InnoDB AUTO_INCREMENT=7 DEFAULT CHARSET=latin1;

--
-- Dumping data for table `DIKSHA_PORTAL_2`.`LEAVE_TYPE`
--

/*!40000 ALTER TABLE `LEAVE_TYPE` DISABLE KEYS */;
LOCK TABLES `LEAVE_TYPE` WRITE;
INSERT INTO `DIKSHA_PORTAL_2`.`LEAVE_TYPE` VALUES  (1,'Marriage'),
 (2,'Privilege'),
 (3,'Comp-off'),
 (4,'Bereavement'),
 (5,'Maternity'),
 (6,'Paternity');
UNLOCK TABLES;
/*!40000 ALTER TABLE `LEAVE_TYPE` ENABLE KEYS */;


--
-- Definition of table `DIKSHA_PORTAL_2`.`LEVELS`
--

DROP TABLE IF EXISTS `DIKSHA_PORTAL_2`.`LEVELS`;
CREATE TABLE  `DIKSHA_PORTAL_2`.`LEVELS` (
  `ID` int(11) NOT NULL auto_increment,
  `LABEL` varchar(45) default NULL,
  `DESIGNATION` varchar(45) default NULL,
  `DIVISION_ID` int(11) default NULL,
  PRIMARY KEY  (`ID`),
  UNIQUE KEY `LABEL` (`LABEL`,`DESIGNATION`,`DIVISION_ID`),
  KEY `LEVELS_DIVISION_ID` (`DIVISION_ID`),
  CONSTRAINT `LEVELS_DIVISION_ID` FOREIGN KEY (`DIVISION_ID`) REFERENCES `DIVISON` (`ID`) ON DELETE CASCADE
) ENGINE=InnoDB AUTO_INCREMENT=192 DEFAULT CHARSET=latin1;

--
-- Dumping data for table `DIKSHA_PORTAL_2`.`LEVELS`
--

/*!40000 ALTER TABLE `LEVELS` DISABLE KEYS */;
LOCK TABLES `LEVELS` WRITE;
INSERT INTO `DIKSHA_PORTAL_2`.`LEVELS` VALUES  (10,'L1','Front Office Execuitve',19),
 (5,'L1','Intern',3),
 (8,'L1','Intern',4),
 (7,'L1','Intern',12),
 (9,'L1','Intern',18),
 (6,'L1','Intern',26),
 (13,'L1','Office Assistant',19),
 (11,'L1','Security',19),
 (2,'L10','DIRECTOR CONSULTING',14),
 (3,'L10','DIRECTOR CONSULTING',15),
 (4,'L10','DIRECTOR CONSULTING',16),
 (187,'L11','CEO',31),
 (16,'L11','VP CONSULTING',14),
 (17,'L11','VP CONSULTING',15),
 (18,'L11','VP CONSULTING',16),
 (20,'L12','CTO',14),
 (21,'L12','CTO',15),
 (22,'L12','CTO',16),
 (188,'L12','MD',31),
 (30,'L2','TRAINEE',14),
 (31,'L2','TRAINEE',15),
 (32,'L2','TRAINEE',16),
 (116,'L2-F1','Associate',3),
 (81,'L2-F1','Associate',4),
 (160,'L2-F1','Associate ',12),
 (161,'L2-F1','Associate',26),
 (12,'L2-F1','Associate Software Engineer  ',18),
 (139,'L2-F2','Administrator',19),
 (117,'L2-F2','Analyst',3),
 (138,'L2-F2','Associate',19),
 (14,'L2-F2','Software Engineer',18),
 (84,'L2-F2','Specialist',4),
 (189,'L2-F2','Specialist',12),
 (162,'L2-F2','Specialist',26),
 (191,'L2-F2','Systems Administrator',18),
 (140,'L2-F3','Senior Administrator',19),
 (118,'L2-F3','Senior Analyst',3),
 (25,'L2-F3','Senior Business Analyst',18),
 (28,'L2-F3','Senior Software Designer',18),
 (24,'L2-F3','Senior Software Developer',18),
 (29,'L2-F3','Senior Software Engineer',18),
 (87,'L2-F3','Senior Specialist',4),
 (163,'L2-F3','Senior Specialist',12),
 (186,'L2-F3','Senior Specialist',26),
 (26,'L2-F3','Senior Technical Analyst',18),
 (34,'L3','CONSULTANT',14),
 (35,'L3','CONSULTANT',15),
 (36,'L3','CONSULTANT',16),
 (42,'L3','SOFTWARE ENGINEER',16),
 (119,'L3-E1','Associate Team Lead',3),
 (83,'L3-E1','Associate Team Lead',4),
 (164,'L3-E1','Associate Team Lead',12),
 (41,'L3-E1','Associate Team Lead',18),
 (141,'L3-E1','Associate Team Lead',19),
 (165,'L3-E1','Associate Team Lead',26),
 (120,'L3-E2','Team Lead',3),
 (86,'L3-E2','Team Lead',4),
 (190,'L3-E2','Team Lead',12),
 (39,'L3-E2','Team Lead',18),
 (142,'L3-E2','Team Lead',19),
 (166,'L3-E2','Team Lead',26),
 (37,'L3-E3','Project Lead',18),
 (121,'L3-E3','Senior Team Lead',3),
 (168,'L3-E3','Senior Team Lead',12),
 (85,'L3-E3','Senior Team Lead',18),
 (143,'L3-E3','Senior Team Lead',19),
 (167,'L3-E3','Senior Team Lead',26),
 (38,'L3-E3','Senior Technical Team Lead',18),
 (44,'L4','SR. CONSULTANT',14),
 (45,'L4','SR. CONSULTANT',15),
 (46,'L4','SR. CONSULTANT',16),
 (48,'L4','SR. SOFTWARE ENGINEER',16),
 (122,'L4-D1','Associate Manager',3),
 (97,'L4-D1','Associate Manager',4),
 (169,'L4-D1','Associate Manager',12),
 (144,'L4-D1','Associate Manager',19),
 (170,'L4-D1','Associate Manager',26),
 (40,'L4-D1','Associate Project Manager',18),
 (51,'L4-D1','Associate Solution Architect',18),
 (47,'L4-D1','Associate Technical Architect',18),
 (171,'L4-D2','Manager',2),
 (123,'L4-D2','Manager',3),
 (101,'L4-D2','Manager',4),
 (145,'L4-D2','Manager',19),
 (52,'L4-D2','Project Manager',18),
 (50,'L4-D2','Solution Architect',18),
 (49,'L4-D2','Technical Architect',18),
 (172,'L4-D3','Senior Manager',2),
 (124,'L4-D3','Senior Manager',3),
 (98,'L4-D3','Senior Manager',4),
 (146,'L4-D3','Senior Manager',19),
 (54,'L4-D3','Senior Project Manager',18),
 (62,'L4-D3','Senior Solution Architect',18),
 (55,'L4-D3','Senior Technical Architect',18),
 (58,'L5','TEAM LEAD',14),
 (59,'L5','TEAM LEAD',15),
 (60,'L5','TEAM LEAD',16),
 (174,'L5-C1','Associate Business Unit Manager/ Head',2),
 (126,'L5-C1','Associate Business Unit Manager/ Head',3),
 (104,'L5-C1','Associate Business Unit Manager/ Head',4),
 (61,'L5-C1','Associate Business Unit Manager/ Head',18),
 (148,'L5-C1','Associate Business Unit Manager/ Head',19),
 (173,'L5-C1','Associate Group Manager',2),
 (125,'L5-C1','Associate Group Manager',3),
 (99,'L5-C1','Associate Group Manager',4),
 (102,'L5-C1','Associate Group Manager',18),
 (147,'L5-C1','Associate Group Manager',19),
 (176,'L5-C2','Business Unit Manager/ Head',2),
 (128,'L5-C2','Business Unit Manager/ Head',3),
 (106,'L5-C2','Business Unit Manager/ Head',4),
 (65,'L5-C2','Business Unit Manager/ Head',18),
 (150,'L5-C2','Business Unit Manager/ Head',19),
 (175,'L5-C2','Group Manager',2),
 (127,'L5-C2','Group Manager',3),
 (105,'L5-C2','Group Manager',4),
 (57,'L5-C2','Group Manager',18),
 (149,'L5-C2','Group Manager',19),
 (178,'L5-C3','Senior Business Unit Manager/ Head',2),
 (130,'L5-C3','Senior Business Unit Manager/ Head',3),
 (108,'L5-C3','Senior Business Unit Manager/ Head',4),
 (64,'L5-C3','Senior Business Unit Manager/ Head',18),
 (152,'L5-C3','Senior Business Unit Manager/ Head',19),
 (177,'L5-C3','Senior Group Manager',2),
 (129,'L5-C3','Senior Group Manager',3),
 (107,'L5-C3','Senior Group Manager',4),
 (63,'L5-C3','Senior Group Manager',18),
 (151,'L5-C3','Senior Group Manager',19),
 (69,'L6','PROJECT LEAD',14),
 (70,'L6','PROJECT LEAD',15),
 (71,'L6','PROJECT LEAD',16),
 (72,'L6','PROJECT MANAGER',16),
 (179,'L6-B1','Associate Director',2),
 (131,'L6-B1','Associate Director',3),
 (109,'L6-B1','Associate Director',4),
 (66,'L6-B1','Associate Director',18),
 (153,'L6-B1','Associate Director',19),
 (180,'L6-B2','Director',2),
 (132,'L6-B2','Director',3),
 (110,'L6-B2','Director',4),
 (67,'L6-B2','Director',18),
 (154,'L6-B2','Director',19),
 (181,'L6-B3','Senior Director',2),
 (133,'L6-B3','Senior Director',3),
 (111,'L6-B3','Senior Director',4),
 (79,'L6-B3','Senior Director',18),
 (155,'L6-B3','Senior Director',19),
 (74,'L7','PROJECT MANAGER',14),
 (75,'L7','PROJECT MANAGER',15),
 (76,'L7','PROJECT MANAGER',16),
 (78,'L7','SR. PROJECT MANAGER',16),
 (182,'L7-A1','Associate Vice President',2),
 (134,'L7-A1','Associate Vice President',3),
 (112,'L7-A1','Associate Vice President',4),
 (82,'L7-A1','Associate Vice President',18),
 (156,'L7-A1','Associate Vice President',19),
 (183,'L7-A2','Vice President',2),
 (135,'L7-A2','Vice President',3),
 (113,'L7-A2','Vice President',4),
 (80,'L7-A2','Vice President',18),
 (157,'L7-A2','Vice President',19),
 (184,'L7-A3','Senior Vice President',2),
 (136,'L7-A3','Senior Vice President',3),
 (114,'L7-A3','Senior Vice President',4),
 (77,'L7-A3','Senior Vice President',18),
 (158,'L7-A3','Senior Vice President',19),
 (137,'L8','CFO',3),
 (115,'L8','CMO',4),
 (159,'L8','COO',19),
 (185,'L8','CRMO',2),
 (103,'L8','CTO',18),
 (88,'L8','PROJECT HEAD',16),
 (90,'L8','SR. PROJECT MANAGER',14),
 (91,'L8','SR. PROJECT MANAGER',15),
 (92,'L8','SR. PROJECT MANAGER',16),
 (94,'L9','DILEVERY HEAD',14),
 (95,'L9','DILEVERY HEAD',15),
 (96,'L9','DILEVERY HEAD',16);
UNLOCK TABLES;
/*!40000 ALTER TABLE `LEVELS` ENABLE KEYS */;


--
-- Definition of table `DIKSHA_PORTAL_2`.`LOAN_DETAILS`
--

DROP TABLE IF EXISTS `DIKSHA_PORTAL_2`.`LOAN_DETAILS`;
CREATE TABLE  `DIKSHA_PORTAL_2`.`LOAN_DETAILS` (
  `ID` int(11) NOT NULL auto_increment,
  `REQUESTER_ID` int(11) default NULL,
  `ELIGIBILITY_AMOUNT` double default NULL,
  `EMI_PERIOD` int(11) default NULL,
  `EMI_ELIGIBILITY` int(11) default NULL,
  `GROSS_SALARY` double default NULL,
  `NET_SALARY` double default NULL,
  `APPROVED_AMOUNT` double default NULL,
  `EMI_PAID` int(11) default NULL,
  `REMAINING_AMOUNT` double default NULL,
  `PURPOSE` varchar(50) default NULL,
  `STATUS_ID` int(11) default NULL,
  `APPLY_DATE` timestamp NOT NULL default CURRENT_TIMESTAMP,
  `CREATE_DATE_TIME` timestamp NOT NULL default '0000-00-00 00:00:00',
  `RESPONSE_DATE` timestamp NOT NULL default '0000-00-00 00:00:00',
  `LOAN_TYPE_ID` int(11) default NULL,
  PRIMARY KEY  (`ID`)
) ENGINE=InnoDB DEFAULT CHARSET=latin1;

--
-- Dumping data for table `DIKSHA_PORTAL_2`.`LOAN_DETAILS`
--

/*!40000 ALTER TABLE `LOAN_DETAILS` DISABLE KEYS */;
LOCK TABLES `LOAN_DETAILS` WRITE;
UNLOCK TABLES;
/*!40000 ALTER TABLE `LOAN_DETAILS` ENABLE KEYS */;


--
-- Definition of table `DIKSHA_PORTAL_2`.`LOAN_ELIGIBILITY_CRITERIA`
--

DROP TABLE IF EXISTS `DIKSHA_PORTAL_2`.`LOAN_ELIGIBILITY_CRITERIA`;
CREATE TABLE  `DIKSHA_PORTAL_2`.`LOAN_ELIGIBILITY_CRITERIA` (
  `ID` int(11) NOT NULL auto_increment,
  `LABEL` varchar(7) default NULL,
  `ELIGIBILITY_AMOUNT` char(11) default NULL,
  `EMI_ELIGIBILITY` int(4) default NULL,
  `MAX_AMOUNT_LIMIT` double default NULL,
  `TYPE_ID` int(11) default NULL,
  PRIMARY KEY  (`ID`),
  KEY `LOAN_ELIGIBILITY_CRITERIA_LOAN_CRITERIA_FK` (`TYPE_ID`),
  CONSTRAINT `LOAN_ELIGIBILITY_CRITERIA_LOAN_CRITERIA_FK` FOREIGN KEY (`TYPE_ID`) REFERENCES `LOAN_TYPE` (`ID`) ON DELETE CASCADE ON UPDATE NO ACTION
) ENGINE=InnoDB AUTO_INCREMENT=23 DEFAULT CHARSET=latin1;

--
-- Dumping data for table `DIKSHA_PORTAL_2`.`LOAN_ELIGIBILITY_CRITERIA`
--

/*!40000 ALTER TABLE `LOAN_ELIGIBILITY_CRITERIA` DISABLE KEYS */;
LOCK TABLES `LOAN_ELIGIBILITY_CRITERIA` WRITE;
INSERT INTO `DIKSHA_PORTAL_2`.`LOAN_ELIGIBILITY_CRITERIA` VALUES  (1,'L2','0',0,0,1),
 (2,'L2','0',0,0,2),
 (3,'L3','12|25',15,200000,1),
 (4,'L4','15|25',18,250000,1),
 (5,'L5','18|20',21,300000,1),
 (6,'L6','21|20',24,350000,1),
 (7,'L7','24|20',27,400000,1),
 (8,'L8','27|20',30,450000,1),
 (9,'L9','30|20',36,500000,1),
 (10,'L3','NA',12,45000,2),
 (11,'L4','NA',12,50000,2),
 (12,'L5','NA',12,55000,2),
 (13,'L6','NA',12,60000,2),
 (14,'L7','NA',12,70000,2),
 (15,'L8','NA',12,75000,2),
 (16,'L9','NA',12,10000,2),
 (17,'L10','30|20',36,500000,1),
 (18,'L10','NA',12,100000,2),
 (19,'L11','30|20',36,500000,1),
 (20,'L11','NA',12,100000,2),
 (21,'L12','30|20',36,500000,1),
 (22,'L12','NA',12,100000,NULL);
UNLOCK TABLES;
/*!40000 ALTER TABLE `LOAN_ELIGIBILITY_CRITERIA` ENABLE KEYS */;


--
-- Definition of table `DIKSHA_PORTAL_2`.`LOAN_REQUEST`
--

DROP TABLE IF EXISTS `DIKSHA_PORTAL_2`.`LOAN_REQUEST`;
CREATE TABLE  `DIKSHA_PORTAL_2`.`LOAN_REQUEST` (
  `ID` int(11) NOT NULL auto_increment,
  `ESR_MAP_ID` int(11) default NULL,
  `CREATED_DATETIME` timestamp NOT NULL default CURRENT_TIMESTAMP,
  `REQUESTED_LOAN_AMT` double default NULL,
  `EMI_PERIOD` int(11) default NULL,
  `STATUS_ID` int(11) default NULL,
  `ASSIGN_TO` int(11) default NULL,
  `LOAN_ID` int(11) default NULL,
  `LOAN_TYPE_ID` int(11) default NULL,
  `LOAN_USER_ID` int(11) default NULL,
  `EMAIL_DATA` text,
  `ACTION_TAKEN_BY` int(11) NOT NULL,
  `ACTION_TAKEN_DATE` timestamp NOT NULL default '0000-00-00 00:00:00',
  `SEQUENCE` int(11) default NULL,
  `COMMENTS` varchar(1000) default NULL,
  PRIMARY KEY  (`ID`),
  KEY `LOAN_REQUEST_LOAN_FK` (`LOAN_ID`),
  KEY `LOAN_REQUEST_ESR_MAP_FK` (`ESR_MAP_ID`),
  CONSTRAINT `LOAN_REQUEST_ESR_MAP_FK` FOREIGN KEY (`ESR_MAP_ID`) REFERENCES `EMP_SER_REQ_MAP` (`ID`) ON DELETE CASCADE ON UPDATE NO ACTION,
  CONSTRAINT `LOAN_REQUEST_LOAN_FK` FOREIGN KEY (`LOAN_ID`) REFERENCES `LOAN_DETAILS` (`ID`) ON DELETE CASCADE ON UPDATE NO ACTION
) ENGINE=InnoDB DEFAULT CHARSET=latin1;

--
-- Dumping data for table `DIKSHA_PORTAL_2`.`LOAN_REQUEST`
--

/*!40000 ALTER TABLE `LOAN_REQUEST` DISABLE KEYS */;
LOCK TABLES `LOAN_REQUEST` WRITE;
UNLOCK TABLES;
/*!40000 ALTER TABLE `LOAN_REQUEST` ENABLE KEYS */;


--
-- Definition of table `DIKSHA_PORTAL_2`.`LOAN_TYPE`
--

DROP TABLE IF EXISTS `DIKSHA_PORTAL_2`.`LOAN_TYPE`;
CREATE TABLE  `DIKSHA_PORTAL_2`.`LOAN_TYPE` (
  `ID` int(10) NOT NULL auto_increment,
  `TYPE` varchar(15) default NULL,
  PRIMARY KEY  (`ID`)
) ENGINE=InnoDB AUTO_INCREMENT=3 DEFAULT CHARSET=latin1;

--
-- Dumping data for table `DIKSHA_PORTAL_2`.`LOAN_TYPE`
--

/*!40000 ALTER TABLE `LOAN_TYPE` DISABLE KEYS */;
LOCK TABLES `LOAN_TYPE` WRITE;
INSERT INTO `DIKSHA_PORTAL_2`.`LOAN_TYPE` VALUES  (1,'PERSONAL LOAN'),
 (2,'LAPTOP LOAN');
UNLOCK TABLES;
/*!40000 ALTER TABLE `LOAN_TYPE` ENABLE KEYS */;


--
-- Definition of table `DIKSHA_PORTAL_2`.`LOGIN`
--

DROP TABLE IF EXISTS `DIKSHA_PORTAL_2`.`LOGIN`;
CREATE TABLE  `DIKSHA_PORTAL_2`.`LOGIN` (
  `ID` int(11) NOT NULL auto_increment,
  `USER_ID` int(11) default NULL,
  `USER_NAME` varchar(50) character set latin1 default NULL,
  `PASSWORD` varchar(100) character set latin1 default NULL,
  `CANDIDATE_ID` int(11) default NULL,
  PRIMARY KEY  (`ID`),
  KEY `USER_LOGIN_USER_ID` (`USER_ID`),
  KEY `CANDIDATE_LOGIN_CAND_ID` (`CANDIDATE_ID`)
) ENGINE=InnoDB AUTO_INCREMENT=30 DEFAULT CHARSET=latin1 COLLATE=latin1_general_cs;

--
-- Dumping data for table `DIKSHA_PORTAL_2`.`LOGIN`
--

/*!40000 ALTER TABLE `LOGIN` DISABLE KEYS */;
LOCK TABLES `LOGIN` WRITE;
INSERT INTO `DIKSHA_PORTAL_2`.`LOGIN` VALUES  (1,1,'admin.portal@dikshatech.com','nPCGLAZUcbNJ58/geSOz/g==',NULL);
UNLOCK TABLES;
/*!40000 ALTER TABLE `LOGIN` ENABLE KEYS */;


--
-- Definition of table `DIKSHA_PORTAL_2`.`MODULES`
--

DROP TABLE IF EXISTS `DIKSHA_PORTAL_2`.`MODULES`;
CREATE TABLE  `DIKSHA_PORTAL_2`.`MODULES` (
  `ID` int(11) NOT NULL auto_increment,
  `NAME` varchar(45) default NULL,
  `PARENT_ID` int(11) default '0',
  `IS_PROC_CHAIN` int(11) NOT NULL default '0',
  `PERMISSION_TYPES` varchar(45) default NULL,
  PRIMARY KEY  (`ID`)
) ENGINE=InnoDB AUTO_INCREMENT=58 DEFAULT CHARSET=latin1;

--
-- Dumping data for table `DIKSHA_PORTAL_2`.`MODULES`
--

/*!40000 ALTER TABLE `MODULES` DISABLE KEYS */;
LOCK TABLES `MODULES` WRITE;
INSERT INTO `DIKSHA_PORTAL_2`.`MODULES` VALUES  (1,'TASKS',0,0,'S-V-E-D'),
 (2,'INBOX',1,0,'V'),
 (6,'ADMIN',0,0,'S-V-E-D'),
 (7,'COMPANIES',6,0,'S-V-E-D'),
 (8,'REGIONS',6,0,'S-V-E-D'),
 (9,'DEPARTMENTS',6,0,'S-V-E-D'),
 (10,'ROLES',6,0,'S-V-E-D'),
 (11,'USERS',6,0,'S-V-E-D'),
 (13,'CALENDARS',6,0,'S-V-E-D'),
 (14,'TALENT ACQUISITION',0,1,'S-V-E-D'),
 (15,'CANDIDATES',14,1,'S-V-E-D-GO-RS-ME-NS'),
 (16,'HR',0,1,'S-V-E-D'),
 (17,'EMPLOYEES',16,0,'S-V-E-D-EN-DS'),
 (18,'ROLL-ON',16,1,'RN'),
 (20,'APPRAISAL',16,1,'S-V-E-D'),
 (21,'REQUESTS',0,1,'S-V-E-D'),
 (22,'LEAVE',21,1,'S-V-E-D'),
 (23,'TRAVEL',21,1,'S-V-E-D'),
 (24,'SODEXO',21,1,'S-V-E-D'),
 (25,'LOAN',21,1,'S-V-E-D'),
 (26,'REIMBURSEMENT',21,1,'S-V-E-D'),
 (27,'IT-SUPPORT',21,1,'S-V-E-D'),
 (28,'DIVISIONS',6,0,'S-V-E-D'),
 (29,'LEVELS',6,0,'S-V-E-D'),
 (30,'PROCESS-CHAIN',6,0,'S-V-E-D'),
 (31,'PROJECTS',0,0,'S-V-E-D'),
 (32,'PROJECTS',31,1,'S-V-E-D'),
 (33,'CLIENTS',31,0,'S-V-E-D'),
 (34,'CHARGE CODE',31,0,'S-V-E-D'),
 (35,'MY LINKS',0,1,'S-V-E-D'),
 (36,'TIMESHEETS',35,1,'S-V-E-D'),
 (37,'PAY SLIPS',35,0,'S-V-E-D'),
 (38,'Project Tasks',31,0,'S-V-E-D'),
 (39,'Separated',16,0,'V'),
 (40,'FINANCE',0,0,'S-V-E-D'),
 (41,'BANK DETAILS',40,0,'S-V-E-D'),
 (42,'Service Request',0,1,'S-V-E-D'),
 (43,'Salary-Perdiem credit issues',42,1,'S-V-E-D'),
 (44,'Medical Covereage & Sodexo issues',42,1,'S-V-E-D'),
 (45,'Joining Bonus/Annual Bonus/Relocation/Loan is',42,1,'S-V-E-D'),
 (46,'Medical Reimbursements credit issuesl',42,1,'S-V-E-D'),
 (47,'Access Card (lost/issue/damage)issues',42,1,'S-V-E-D'),
 (48,'Travel/ Accommodation issues',42,1,'S-V-E-D'),
 (49,'Bank account issues',42,1,'S-V-E-D'),
 (50,'Leave/Attendance/Timesheet issues',42,1,'S-V-E-D'),
 (51,'Location constraint/Project Placement',42,1,'S-V-E-D'),
 (52,'Salary & Designation issues',42,1,'S-V-E-D'),
 (53,'Offer letter & Confirmation Letter issues',42,1,'S-V-E-D'),
 (54,'HR Policies and documents  issues',42,1,'S-V-E-D'),
 (55,'Training & Development related issues',42,1,'S-V-E-D'),
 (56,'Others',42,1,'S-V-E-D'),
 (57,'News',16,0,'S-V-E-D');
UNLOCK TABLES;
/*!40000 ALTER TABLE `MODULES` ENABLE KEYS */;


--
-- Definition of table `DIKSHA_PORTAL_2`.`MODULE_ACTION`
--

DROP TABLE IF EXISTS `DIKSHA_PORTAL_2`.`MODULE_ACTION`;
CREATE TABLE  `DIKSHA_PORTAL_2`.`MODULE_ACTION` (
  `ID` int(11) NOT NULL auto_increment,
  `ROLE_ID` int(11) default NULL,
  `MODULE_ID` int(11) default NULL,
  `ACTION_CHAIN` varchar(200) NOT NULL,
  PRIMARY KEY  (`ID`),
  KEY `MODULE_ACTION_MODULE_ID_FK` (`MODULE_ID`),
  KEY `MODULE_ACTION_ROLE_ID_FK` (`ROLE_ID`),
  CONSTRAINT `MODULE_ACTION_MODULE_ID_FK` FOREIGN KEY (`MODULE_ID`) REFERENCES `MODULES` (`ID`),
  CONSTRAINT `MODULE_ACTION_ROLE_ID_FK` FOREIGN KEY (`ROLE_ID`) REFERENCES `ROLES` (`ID`) ON DELETE CASCADE
) ENGINE=InnoDB AUTO_INCREMENT=56 DEFAULT CHARSET=latin1;

--
-- Dumping data for table `DIKSHA_PORTAL_2`.`MODULE_ACTION`
--

/*!40000 ALTER TABLE `MODULE_ACTION` DISABLE KEYS */;
LOCK TABLES `MODULE_ACTION` WRITE;
INSERT INTO `DIKSHA_PORTAL_2`.`MODULE_ACTION` VALUES  (1,1,1,'2'),
 (2,1,6,'7,9,28,30,29,13,10,8'),
 (3,1,14,'15'),
 (4,1,16,'18,57,39,17'),
 (5,1,31,'38,34,33,32'),
 (6,1,35,'36,37'),
 (7,1,42,'49,48,53,51,47,56,43,52,54,55,44,50,46,45'),
 (26,1,21,'22,27,25,23,26,24'),
 (27,1,40,'41');
UNLOCK TABLES;
/*!40000 ALTER TABLE `MODULE_ACTION` ENABLE KEYS */;


--
-- Definition of table `DIKSHA_PORTAL_2`.`MODULE_PERMISSION`
--

DROP TABLE IF EXISTS `DIKSHA_PORTAL_2`.`MODULE_PERMISSION`;
CREATE TABLE  `DIKSHA_PORTAL_2`.`MODULE_PERMISSION` (
  `ID` int(11) NOT NULL auto_increment,
  `ROLE_ID` int(11) default NULL,
  `MODULE_ID` int(11) default NULL,
  `PROC_CHAIN_ID` int(11) default '0',
  `ACCESSIBILITY_ID` int(11) default '0',
  PRIMARY KEY  (`ID`),
  KEY `MODULE_PERMISSION_ROLE_ID_FK` (`ROLE_ID`),
  KEY `MODULE_PERMISSION_MODULE_ID_FK` (`MODULE_ID`),
  KEY `PROCESS_CHAIN_ID_FK` (`PROC_CHAIN_ID`),
  KEY `ACCESSIBILITY_LEVEL_ID_FK` (`ACCESSIBILITY_ID`),
  CONSTRAINT `ACCESSIBILITY_LEVEL_ID_FK` FOREIGN KEY (`ACCESSIBILITY_ID`) REFERENCES `ACCESSIBILITY_LEVEL` (`ID`) ON DELETE SET NULL,
  CONSTRAINT `MODULE_PERMISSION_MODULE_ID_FK` FOREIGN KEY (`MODULE_ID`) REFERENCES `MODULES` (`ID`) ON DELETE SET NULL,
  CONSTRAINT `MODULE_PERMISSION_ROLE_ID_FK` FOREIGN KEY (`ROLE_ID`) REFERENCES `ROLES` (`ID`) ON DELETE CASCADE
) ENGINE=InnoDB AUTO_INCREMENT=146 DEFAULT CHARSET=latin1;

--
-- Dumping data for table `DIKSHA_PORTAL_2`.`MODULE_PERMISSION`
--

/*!40000 ALTER TABLE `MODULE_PERMISSION` DISABLE KEYS */;
LOCK TABLES `MODULE_PERMISSION` WRITE;
INSERT INTO `DIKSHA_PORTAL_2`.`MODULE_PERMISSION` VALUES  (1,1,2,NULL,1),
 (2,1,7,NULL,1),
 (3,1,8,NULL,1),
 (4,1,9,NULL,1),
 (5,1,10,NULL,1),
 (6,1,15,11,1),
 (7,1,28,NULL,1),
 (8,1,29,NULL,1),
 (9,1,30,NULL,1),
 (10,1,17,NULL,1),
 (11,1,13,NULL,1),
 (12,1,37,NULL,1),
 (13,1,34,NULL,1),
 (14,1,38,NULL,1),
 (15,1,18,1,1),
 (17,1,32,1,1),
 (18,1,33,NULL,1),
 (19,1,36,1,1),
 (20,1,39,NULL,1),
 (21,1,43,1,1),
 (56,1,41,NULL,1),
 (57,1,57,NULL,1),
 (58,1,22,3,1),
 (59,1,27,1,1),
 (60,1,25,1,1),
 (61,1,23,6,1),
 (62,1,26,1,1),
 (63,1,24,7,1),
 (64,1,51,1,1),
 (65,1,49,1,1),
 (66,1,53,1,1),
 (67,1,50,1,1),
 (68,1,54,1,1),
 (69,1,46,1,1),
 (70,1,55,1,1),
 (71,1,47,1,1),
 (72,1,52,1,1),
 (73,1,45,1,1),
 (74,1,44,1,1),
 (75,1,48,1,1),
 (76,1,56,1,1);
UNLOCK TABLES;
/*!40000 ALTER TABLE `MODULE_PERMISSION` ENABLE KEYS */;


--
-- Definition of table `DIKSHA_PORTAL_2`.`NEWS`
--

DROP TABLE IF EXISTS `DIKSHA_PORTAL_2`.`NEWS`;
CREATE TABLE  `DIKSHA_PORTAL_2`.`NEWS` (
  `ID` int(11) NOT NULL auto_increment,
  `NEWS_TITLE` longtext,
  `NEWS_HTML_TITLE` longtext,
  `NEWS_DISC` longtext,
  `PHOTOS` varchar(100) default NULL,
  `CREATE_DATE` timestamp NOT NULL default CURRENT_TIMESTAMP,
  `USER_ID` int(11) default NULL,
  `REGION_ID` int(11) default NULL,
  `DIV_ID` int(11) default NULL,
  PRIMARY KEY  (`ID`),
  KEY `NEWS_REGION_ID_FK` (`REGION_ID`),
  KEY `NEWS_DIV_ID_FK` (`DIV_ID`),
  KEY `NEWS_USER_ID_FK` (`USER_ID`),
  CONSTRAINT `NEWS_MAP_REGION_ID_FK` FOREIGN KEY (`REGION_ID`) REFERENCES `REGIONS` (`ID`) ON DELETE CASCADE,
  CONSTRAINT `NEWS_MAP_DIV_ID_FK` FOREIGN KEY (`DIV_ID`) REFERENCES `DIVISON` (`ID`) ON DELETE CASCADE,
  CONSTRAINT `NEWS_USER_ID_FK` FOREIGN KEY (`USER_ID`) REFERENCES `USERS` (`ID`) ON DELETE CASCADE
) ENGINE=InnoDB DEFAULT CHARSET=latin1;

--
-- Dumping data for table `DIKSHA_PORTAL_2`.`NEWS`
--

/*!40000 ALTER TABLE `NEWS` DISABLE KEYS */;
LOCK TABLES `NEWS` WRITE;
UNLOCK TABLES;
/*!40000 ALTER TABLE `NEWS` ENABLE KEYS */;


--
-- Definition of table `DIKSHA_PORTAL_2`.`NOMINEE_INFO`
--

DROP TABLE IF EXISTS `DIKSHA_PORTAL_2`.`NOMINEE_INFO`;
CREATE TABLE  `DIKSHA_PORTAL_2`.`NOMINEE_INFO` (
  `ID` int(11) NOT NULL auto_increment,
  `NAME` varchar(50) default NULL,
  `CONTACT_NO` int(20) default NULL,
  `NUM_DEPENDENTS` tinyint(1) default NULL,
  `DEP_NAME` varchar(1000) default NULL,
  `RELATIONSHIP` varchar(20) default NULL,
  PRIMARY KEY  (`ID`)
) ENGINE=InnoDB AUTO_INCREMENT=5 DEFAULT CHARSET=latin1;

--
-- Dumping data for table `DIKSHA_PORTAL_2`.`NOMINEE_INFO`
--

/*!40000 ALTER TABLE `NOMINEE_INFO` DISABLE KEYS */;
LOCK TABLES `NOMINEE_INFO` WRITE;
UNLOCK TABLES;
/*!40000 ALTER TABLE `NOMINEE_INFO` ENABLE KEYS */;


--
-- Definition of table `DIKSHA_PORTAL_2`.`PASSPORT_INFO`
--

DROP TABLE IF EXISTS `DIKSHA_PORTAL_2`.`PASSPORT_INFO`;
CREATE TABLE  `DIKSHA_PORTAL_2`.`PASSPORT_INFO` (
  `ID` int(11) NOT NULL auto_increment,
  `GIVENNAME` varchar(30) default NULL,
  `SURNAME` varchar(30) default NULL,
  `PASSPORT_NO` varchar(100) default NULL,
  `DATE_OF_ISSUE` date default NULL,
  `DATE_OF_EXPIRE` date default NULL,
  `PLACE_OF_ISSUE` varchar(30) default NULL,
  `PLACE_OF_BIRTH` varchar(30) default NULL,
  PRIMARY KEY  (`ID`)
) ENGINE=InnoDB AUTO_INCREMENT=3 DEFAULT CHARSET=latin1;

--
-- Dumping data for table `DIKSHA_PORTAL_2`.`PASSPORT_INFO`
--

/*!40000 ALTER TABLE `PASSPORT_INFO` DISABLE KEYS */;
LOCK TABLES `PASSPORT_INFO` WRITE;
UNLOCK TABLES;
/*!40000 ALTER TABLE `PASSPORT_INFO` ENABLE KEYS */;


--
-- Definition of table `DIKSHA_PORTAL_2`.`PAYSLIP`
--

DROP TABLE IF EXISTS `DIKSHA_PORTAL_2`.`PAYSLIP`;
CREATE TABLE  `DIKSHA_PORTAL_2`.`PAYSLIP` (
  `ID` int(11) NOT NULL auto_increment,
  `FileID` int(20) default NULL,
  `UserID` int(11) default NULL,
  `Year_` int(4) default NULL,
  `Month_` varchar(4) default NULL,
  `Insert_Date` timestamp NOT NULL default CURRENT_TIMESTAMP,
  PRIMARY KEY  (`ID`),
  UNIQUE KEY `FileID` (`FileID`),
  CONSTRAINT `PAYSLIP_DOC_FK` FOREIGN KEY (`FileID`) REFERENCES `DOCUMENTS` (`ID`) ON DELETE CASCADE
) ENGINE=InnoDB AUTO_INCREMENT=3 DEFAULT CHARSET=latin1;

--
-- Dumping data for table `DIKSHA_PORTAL_2`.`PAYSLIP`
--

/*!40000 ALTER TABLE `PAYSLIP` DISABLE KEYS */;
LOCK TABLES `PAYSLIP` WRITE;
UNLOCK TABLES;
/*!40000 ALTER TABLE `PAYSLIP` ENABLE KEYS */;


--
-- Definition of table `DIKSHA_PORTAL_2`.`PERSONAL_INFO`
--

DROP TABLE IF EXISTS `DIKSHA_PORTAL_2`.`PERSONAL_INFO`;
CREATE TABLE  `DIKSHA_PORTAL_2`.`PERSONAL_INFO` (
  `ID` int(11) NOT NULL auto_increment,
  `PERMANENT_ADDRESS` int(11) default NULL,
  `CURRENT_ADDRESS` int(11) default NULL,
  `PRIMARY_PHONE_NO` varchar(20) default NULL,
  `SECONDARY_PHONE_NO` varchar(20) default NULL,
  `PERSONAL_EMAIL_ID` varchar(100) default NULL,
  `ALTERNATE_EMAIL_ID` varchar(100) default NULL,
  `MOTHER_NAME` varchar(100) default NULL,
  `FATHER_NAME` varchar(100) default NULL,
  `MARITAL_STATUS` enum('SINGLE','MARRIED') default NULL,
  `SPOUSE_NAME` varchar(100) default NULL,
  `EMER_CONTACT_NAME` varchar(100) default NULL,
  `EMER_CP_RELATIONSHIP` varchar(20) default NULL,
  `EMER_PHONE_NO` int(20) default NULL,
  `CITY` varchar(50) default NULL,
  `ZIP_CODE` int(15) default NULL,
  `COUNTRY` varchar(50) default NULL,
  `STATE` varchar(50) default NULL,
  `SPOUSE_DOB` date default NULL,
  PRIMARY KEY  (`ID`)
) ENGINE=InnoDB AUTO_INCREMENT=25 DEFAULT CHARSET=latin1;

--
-- Dumping data for table `DIKSHA_PORTAL_2`.`PERSONAL_INFO`
--

/*!40000 ALTER TABLE `PERSONAL_INFO` DISABLE KEYS */;
LOCK TABLES `PERSONAL_INFO` WRITE;
INSERT INTO `DIKSHA_PORTAL_2`.`PERSONAL_INFO` VALUES  (1,1,0,'8989898898','0','admin.portal@dikshatech.com',NULL,NULL,NULL,NULL,NULL,NULL,NULL,0,'BLR',50,'India','Ka',NULL);
UNLOCK TABLES;
/*!40000 ALTER TABLE `PERSONAL_INFO` ENABLE KEYS */;


--
-- Definition of table `DIKSHA_PORTAL_2`.`PO_DETAILS`
--

DROP TABLE IF EXISTS `DIKSHA_PORTAL_2`.`PO_DETAILS`;
CREATE TABLE  `DIKSHA_PORTAL_2`.`PO_DETAILS` (
  `ID` int(11) NOT NULL auto_increment,
  `PROJ_ID` int(11) NOT NULL,
  `PO_NUMBER` varchar(30) default NULL,
  `PO_DATE` date default NULL,
  `PO_ST_DATE` date default NULL,
  `PO_END_DATE` date default NULL,
  `PO_DURATION` varchar(30) default NULL,
  `PAYMENT_TERMS` varchar(100) default NULL,
  `IS_DISABLE` tinyint(1) default '0',
  PRIMARY KEY  (`ID`),
  KEY `PO_DETAILS_PROJ_ID_FK` (`PROJ_ID`),
  CONSTRAINT `PO_DETAILS_PROJ_ID_FK` FOREIGN KEY (`PROJ_ID`) REFERENCES `PROJECT` (`ID`) ON DELETE CASCADE
) ENGINE=InnoDB AUTO_INCREMENT=11 DEFAULT CHARSET=latin1;

--
-- Dumping data for table `DIKSHA_PORTAL_2`.`PO_DETAILS`
--

/*!40000 ALTER TABLE `PO_DETAILS` DISABLE KEYS */;
LOCK TABLES `PO_DETAILS` WRITE;
INSERT INTO `DIKSHA_PORTAL_2`.`PO_DETAILS` VALUES  (1,1,NULL,NULL,'2011-11-01','2012-05-31','212','Yearly',0);
UNLOCK TABLES;
/*!40000 ALTER TABLE `PO_DETAILS` ENABLE KEYS */;


--
-- Definition of table `DIKSHA_PORTAL_2`.`PO_EMP_MAP`
--

DROP TABLE IF EXISTS `DIKSHA_PORTAL_2`.`PO_EMP_MAP`;
CREATE TABLE  `DIKSHA_PORTAL_2`.`PO_EMP_MAP` (
  `ID` int(11) NOT NULL auto_increment,
  `PO_ID` int(11) NOT NULL,
  `EMP_ID` int(11) NOT NULL,
  `RATE` varchar(10) default NULL,
  `TYPE` varchar(15) default NULL,
  `CURRENCY` varchar(15) default NULL,
  `INACTIVE` tinyint(1) default '0',
  PRIMARY KEY  (`ID`),
  KEY `PO_EMP_MAP_PO_ID_FK` (`PO_ID`),
  KEY `PO_EMP_MAP_EMP_ID_FK` (`EMP_ID`),
  CONSTRAINT `PO_EMP_MAP_EMP_ID_FK` FOREIGN KEY (`EMP_ID`) REFERENCES `USERS` (`ID`) ON DELETE CASCADE,
  CONSTRAINT `PO_EMP_MAP_PO_ID_FK` FOREIGN KEY (`PO_ID`) REFERENCES `PO_DETAILS` (`ID`) ON DELETE CASCADE
) ENGINE=InnoDB AUTO_INCREMENT=29 DEFAULT CHARSET=latin1;

--
-- Dumping data for table `DIKSHA_PORTAL_2`.`PO_EMP_MAP`
--

/*!40000 ALTER TABLE `PO_EMP_MAP` DISABLE KEYS */;
LOCK TABLES `PO_EMP_MAP` WRITE;
UNLOCK TABLES;
/*!40000 ALTER TABLE `PO_EMP_MAP` ENABLE KEYS */;


--
-- Definition of table `DIKSHA_PORTAL_2`.`PROCESS_CHAIN`
--

DROP TABLE IF EXISTS `DIKSHA_PORTAL_2`.`PROCESS_CHAIN`;
CREATE TABLE  `DIKSHA_PORTAL_2`.`PROCESS_CHAIN` (
  `ID` int(11) NOT NULL auto_increment,
  `PROC_NAME` varchar(200) default NULL,
  `APPROVAL_CHAIN` varchar(200) default NULL,
  `NOTIFICATION` varchar(200) default NULL,
  `HANDLER` varchar(200) default NULL,
  `FEATURE_ID` int(11) NOT NULL default '0',
  PRIMARY KEY  (`ID`),
  UNIQUE KEY `PROC_NAME` (`PROC_NAME`),
  KEY `MODULE_FEATURE_ID_FK` (`FEATURE_ID`),
  CONSTRAINT `MODULE_FEATURE_ID_FK` FOREIGN KEY (`FEATURE_ID`) REFERENCES `MODULES` (`ID`) ON DELETE CASCADE
) ENGINE=InnoDB AUTO_INCREMENT=15 DEFAULT CHARSET=latin1;

--
-- Dumping data for table `DIKSHA_PORTAL_2`.`PROCESS_CHAIN`
--

/*!40000 ALTER TABLE `PROCESS_CHAIN` DISABLE KEYS */;
LOCK TABLES `PROCESS_CHAIN` WRITE;
INSERT INTO `DIKSHA_PORTAL_2`.`PROCESS_CHAIN` VALUES  (1,'PORTAL_ADMIN','102;','0,0,0,0|102','0,0,0,0|102',15);
UNLOCK TABLES;
/*!40000 ALTER TABLE `PROCESS_CHAIN` ENABLE KEYS */;


--
-- Definition of table `DIKSHA_PORTAL_2`.`PROFILE_INFO`
--

DROP TABLE IF EXISTS `DIKSHA_PORTAL_2`.`PROFILE_INFO`;
CREATE TABLE  `DIKSHA_PORTAL_2`.`PROFILE_INFO` (
  `ID` int(11) NOT NULL auto_increment,
  `FIRST_NAME` varchar(50) NOT NULL,
  `MIDDLE_NAME` varchar(50) default NULL,
  `LAST_NAME` varchar(50) NOT NULL,
  `MAIDEN_NAME` varchar(50) default NULL,
  `NATIONALITY` varchar(50) NOT NULL,
  `GENDER` enum('MALE','FEMALE') NOT NULL,
  `DOB` date NOT NULL,
  `OFFICAL_EMAIL_ID` varchar(100) default NULL,
  `HR_SPOC` int(11) NOT NULL,
  `REPORTING_MGR` int(11) NOT NULL,
  `DATE_OF_JOINING` date NOT NULL,
  `DATE_OF_CONFIRMATION` date default NULL,
  `DATE_OF_SEPERATION` date default NULL,
  `NOTICE_PERIOD` int(11) NOT NULL,
  `EMP_TYPE` enum('PERMANENT','CONTRACT') default NULL,
  `CREATE_DATE` timestamp NOT NULL default CURRENT_TIMESTAMP on update CURRENT_TIMESTAMP,
  `LEVEL_ID` int(10) default NULL,
  `REPORTING_TIME` varchar(30) default NULL,
  `REPORTING_ADDRESS` longblob,
  `REPORTING_ADDRESS_NORMAL` varchar(200) default NULL,
  PRIMARY KEY  (`ID`),
  KEY `LEVEL_ID_FK` (`LEVEL_ID`),
  CONSTRAINT `LEVEL_ID_FK` FOREIGN KEY (`LEVEL_ID`) REFERENCES `LEVELS` (`ID`) ON DELETE CASCADE
) ENGINE=InnoDB AUTO_INCREMENT=42 DEFAULT CHARSET=latin1;

--
-- Dumping data for table `DIKSHA_PORTAL_2`.`PROFILE_INFO`
--

/*!40000 ALTER TABLE `PROFILE_INFO` DISABLE KEYS */;
LOCK TABLES `PROFILE_INFO` WRITE;
INSERT INTO `DIKSHA_PORTAL_2`.`PROFILE_INFO` VALUES  (1,'admin','','portal','','Indian','MALE','1947-08-15','admin.portal@dikshatech.com',1,1,'2000-01-01',NULL,NULL,90,'PERMANENT','2012-05-16 20:09:02',9,NULL,NULL,NULL);
UNLOCK TABLES;
/*!40000 ALTER TABLE `PROFILE_INFO` ENABLE KEYS */;


--
-- Definition of table `DIKSHA_PORTAL_2`.`PROJECT`
--

DROP TABLE IF EXISTS `DIKSHA_PORTAL_2`.`PROJECT`;
CREATE TABLE  `DIKSHA_PORTAL_2`.`PROJECT` (
  `ID` int(11) NOT NULL auto_increment,
  `OWNER_ID` int(11) NOT NULL,
  `NAME` varchar(30) default NULL,
  `DESCRIPTION` varchar(100) default NULL,
  `COMPANY_ID` int(11) default NULL,
  `BILL_ADDRESS` varchar(100) default NULL,
  `BILL_CITY` varchar(30) default NULL,
  `BILL_ZIP_CODE` int(10) default NULL,
  `BILL_STATE` varchar(30) default NULL,
  `BILL_COUNTRY` varchar(30) default NULL,
  `BILL_TEL_NUM` varchar(12) default NULL,
  `BILL_FAX_NUM` varchar(12) default NULL,
  `IS_ENABLE` enum('Enabled','Disabled') default NULL,
  `MESSAGE_BODY` text,
  `ESRQM_ID` int(11) NOT NULL,
  `CREATE_DATE` timestamp NOT NULL default CURRENT_TIMESTAMP,
  PRIMARY KEY  (`ID`),
  KEY `PROJECT_COMPANY_ID_FK` (`COMPANY_ID`),
  KEY `PROJECT_ESRM_ID_FK` (`ESRQM_ID`),
  CONSTRAINT `PROJECT_COMPANY_ID_FK` FOREIGN KEY (`COMPANY_ID`) REFERENCES `COMPANY` (`ID`) ON DELETE CASCADE,
  CONSTRAINT `PROJECT_ESRM_ID_FK` FOREIGN KEY (`ESRQM_ID`) REFERENCES `EMP_SER_REQ_MAP` (`ID`) ON DELETE CASCADE
) ENGINE=InnoDB AUTO_INCREMENT=8 DEFAULT CHARSET=latin1;

--
-- Dumping data for table `DIKSHA_PORTAL_2`.`PROJECT`
--

/*!40000 ALTER TABLE `PROJECT` DISABLE KEYS */;
LOCK TABLES `PROJECT` WRITE;
INSERT INTO `DIKSHA_PORTAL_2`.`PROJECT` VALUES  (1,1,'Portal',NULL,1,'#69, 2nd Floor,JP-DJ Arcade, Millers Road','Bangalore',560052,'Karnataka','India',NULL,NULL,'Enabled',NULL,1,'2012-03-05 16:40:51');
UNLOCK TABLES;
/*!40000 ALTER TABLE `PROJECT` ENABLE KEYS */;


--
-- Definition of table `DIKSHA_PORTAL_2`.`PROJECT_MAP`
--

DROP TABLE IF EXISTS `DIKSHA_PORTAL_2`.`PROJECT_MAP`;
CREATE TABLE  `DIKSHA_PORTAL_2`.`PROJECT_MAP` (
  `ID` int(11) NOT NULL auto_increment,
  `PROJ_ID` int(11) NOT NULL,
  `COMP_ID` int(11) default NULL,
  `REGION_ID` int(11) default NULL,
  `DEPT_ID` int(11) default NULL,
  `DIV_ID` int(11) default NULL,
  PRIMARY KEY  (`ID`),
  KEY `PROJECT_MAP_PROJ_ID_FK` (`PROJ_ID`),
  KEY `PROJECT_MAP_COMP_ID_FK` (`COMP_ID`),
  KEY `PROJECT_MAP_REGION_ID_FK` (`REGION_ID`),
  KEY `PROJECT_MAP_DEPT_ID_FK` (`DEPT_ID`),
  KEY `PROJECT_MAP_DIV_ID_FK` (`DIV_ID`),
  CONSTRAINT `PROJECT_MAP_COMP_ID_FK` FOREIGN KEY (`COMP_ID`) REFERENCES `COMPANY` (`ID`) ON DELETE CASCADE,
  CONSTRAINT `PROJECT_MAP_DEPT_ID_FK` FOREIGN KEY (`DEPT_ID`) REFERENCES `DIVISON` (`ID`) ON DELETE CASCADE,
  CONSTRAINT `PROJECT_MAP_DIV_ID_FK` FOREIGN KEY (`DIV_ID`) REFERENCES `DIVISON` (`ID`) ON DELETE CASCADE,
  CONSTRAINT `PROJECT_MAP_PROJ_ID_FK` FOREIGN KEY (`PROJ_ID`) REFERENCES `PROJECT` (`ID`) ON DELETE CASCADE,
  CONSTRAINT `PROJECT_MAP_REGION_ID_FK` FOREIGN KEY (`REGION_ID`) REFERENCES `REGIONS` (`ID`) ON DELETE CASCADE
) ENGINE=InnoDB AUTO_INCREMENT=15 DEFAULT CHARSET=latin1;

--
-- Dumping data for table `DIKSHA_PORTAL_2`.`PROJECT_MAP`
--

/*!40000 ALTER TABLE `PROJECT_MAP` DISABLE KEYS */;
LOCK TABLES `PROJECT_MAP` WRITE;
INSERT INTO `DIKSHA_PORTAL_2`.`PROJECT_MAP` VALUES  (2,1,1,1,18,NULL);
UNLOCK TABLES;
/*!40000 ALTER TABLE `PROJECT_MAP` ENABLE KEYS */;


--
-- Definition of table `DIKSHA_PORTAL_2`.`PROJECT_MAPPING`
--

DROP TABLE IF EXISTS `DIKSHA_PORTAL_2`.`PROJECT_MAPPING`;
CREATE TABLE  `DIKSHA_PORTAL_2`.`PROJECT_MAPPING` (
  `ID` int(11) NOT NULL auto_increment,
  `PROJECT_ID` int(11) default NULL,
  `USER_ID` int(11) default NULL,
  PRIMARY KEY  (`ID`),
  KEY `PROJ_FK` (`PROJECT_ID`),
  KEY `USER_FK` (`USER_ID`),
  CONSTRAINT `PROJ_FK` FOREIGN KEY (`PROJECT_ID`) REFERENCES `PROJECT` (`ID`) ON DELETE CASCADE ON UPDATE NO ACTION,
  CONSTRAINT `USER_FK` FOREIGN KEY (`USER_ID`) REFERENCES `USERS` (`ID`) ON DELETE CASCADE ON UPDATE NO ACTION
) ENGINE=InnoDB AUTO_INCREMENT=29 DEFAULT CHARSET=latin1;

--
-- Dumping data for table `DIKSHA_PORTAL_2`.`PROJECT_MAPPING`
--

/*!40000 ALTER TABLE `PROJECT_MAPPING` DISABLE KEYS */;
LOCK TABLES `PROJECT_MAPPING` WRITE;
INSERT INTO `DIKSHA_PORTAL_2`.`PROJECT_MAPPING` VALUES  (1,1,1);
UNLOCK TABLES;
/*!40000 ALTER TABLE `PROJECT_MAPPING` ENABLE KEYS */;


--
-- Definition of table `DIKSHA_PORTAL_2`.`PROJ_CLIENT_MAP`
--

DROP TABLE IF EXISTS `DIKSHA_PORTAL_2`.`PROJ_CLIENT_MAP`;
CREATE TABLE  `DIKSHA_PORTAL_2`.`PROJ_CLIENT_MAP` (
  `ID` int(11) NOT NULL auto_increment,
  `PROJ_ID` int(11) NOT NULL,
  `CLIENT_ID` int(11) NOT NULL,
  PRIMARY KEY  (`ID`),
  KEY `PROJ_CLIENT_MAP_PROJ_ID_FK` (`PROJ_ID`),
  KEY `PROJ_CLIENT_MAP_CLIENT_ID_FK` (`CLIENT_ID`),
  CONSTRAINT `PROJ_CLIENT_MAP_CLIENT_ID_FK` FOREIGN KEY (`CLIENT_ID`) REFERENCES `CLIENT` (`ID`) ON DELETE CASCADE,
  CONSTRAINT `PROJ_CLIENT_MAP_PROJ_ID_FK` FOREIGN KEY (`PROJ_ID`) REFERENCES `PROJECT` (`ID`) ON DELETE CASCADE
) ENGINE=InnoDB AUTO_INCREMENT=11 DEFAULT CHARSET=latin1;

--
-- Dumping data for table `DIKSHA_PORTAL_2`.`PROJ_CLIENT_MAP`
--

/*!40000 ALTER TABLE `PROJ_CLIENT_MAP` DISABLE KEYS */;
LOCK TABLES `PROJ_CLIENT_MAP` WRITE;
UNLOCK TABLES;
/*!40000 ALTER TABLE `PROJ_CLIENT_MAP` ENABLE KEYS */;


--
-- Definition of table `DIKSHA_PORTAL_2`.`PROJ_CONT_INFO`
--

DROP TABLE IF EXISTS `DIKSHA_PORTAL_2`.`PROJ_CONT_INFO`;
CREATE TABLE  `DIKSHA_PORTAL_2`.`PROJ_CONT_INFO` (
  `ID` int(11) NOT NULL auto_increment,
  `PROJ_ID` int(11) NOT NULL,
  `NAME` varchar(30) default NULL,
  `CONT_NUMBER` varchar(12) default NULL,
  `E_MAIL` varchar(30) default NULL,
  `DESIGNATION` varchar(30) default NULL,
  `CONT_TYPE` enum('Business','Project','Finance','Procurement') default NULL,
  `COMMENTS` varchar(100) default NULL,
  PRIMARY KEY  (`ID`),
  KEY `PROJ_CONT_INFO_PROJ_ID_FK` (`PROJ_ID`),
  CONSTRAINT `PROJ_CONT_INFO_PROJ_ID_FK` FOREIGN KEY (`PROJ_ID`) REFERENCES `PROJECT` (`ID`) ON DELETE CASCADE
) ENGINE=InnoDB AUTO_INCREMENT=9 DEFAULT CHARSET=latin1;

--
-- Dumping data for table `DIKSHA_PORTAL_2`.`PROJ_CONT_INFO`
--

/*!40000 ALTER TABLE `PROJ_CONT_INFO` DISABLE KEYS */;
LOCK TABLES `PROJ_CONT_INFO` WRITE;
UNLOCK TABLES;
/*!40000 ALTER TABLE `PROJ_CONT_INFO` ENABLE KEYS */;


--
-- Definition of table `DIKSHA_PORTAL_2`.`PROJ_HISTORY`
--

DROP TABLE IF EXISTS `DIKSHA_PORTAL_2`.`PROJ_HISTORY`;
CREATE TABLE  `DIKSHA_PORTAL_2`.`PROJ_HISTORY` (
  `ID` int(11) NOT NULL auto_increment,
  `PROJ_ID` int(11) NOT NULL,
  `LAST_MODIFIED_BY` int(11) NOT NULL,
  `MODIFIED_TIME` datetime NOT NULL,
  PRIMARY KEY  (`ID`),
  KEY `PROJ_HISTORY_PROJ_ID_FK` (`PROJ_ID`),
  KEY `PROJ_HISTORY_MODIFIED_BY_FK` (`LAST_MODIFIED_BY`),
  CONSTRAINT `PROJ_HISTORY_MODIFIED_BY_FK` FOREIGN KEY (`LAST_MODIFIED_BY`) REFERENCES `USERS` (`ID`) ON DELETE CASCADE,
  CONSTRAINT `PROJ_HISTORY_PROJ_ID_FK` FOREIGN KEY (`PROJ_ID`) REFERENCES `PROJECT` (`ID`) ON DELETE CASCADE
) ENGINE=InnoDB AUTO_INCREMENT=14 DEFAULT CHARSET=latin1;

--
-- Dumping data for table `DIKSHA_PORTAL_2`.`PROJ_HISTORY`
--

/*!40000 ALTER TABLE `PROJ_HISTORY` DISABLE KEYS */;
LOCK TABLES `PROJ_HISTORY` WRITE;
INSERT INTO `DIKSHA_PORTAL_2`.`PROJ_HISTORY` VALUES  (1,1,1,'2012-05-16 19:54:31');
UNLOCK TABLES;
/*!40000 ALTER TABLE `PROJ_HISTORY` ENABLE KEYS */;


--
-- Definition of table `DIKSHA_PORTAL_2`.`PROJ_LOCATIONS`
--

DROP TABLE IF EXISTS `DIKSHA_PORTAL_2`.`PROJ_LOCATIONS`;
CREATE TABLE  `DIKSHA_PORTAL_2`.`PROJ_LOCATIONS` (
  `ID` int(11) NOT NULL auto_increment,
  `PROJ_ID` int(11) NOT NULL,
  `NAME` varchar(30) default NULL,
  `CITY` varchar(30) default NULL,
  `ADDRESS` varchar(100) default NULL,
  `ZIP_CODE` int(30) default NULL,
  `STATE` varchar(30) default NULL,
  `COUNTRY` varchar(30) default NULL,
  `TEL_NUM` varchar(12) default '0',
  `FAX_NUM` varchar(12) default NULL,
  PRIMARY KEY  (`ID`),
  KEY `PROJ_LOCATIONS_PROJ_ID_FK` (`PROJ_ID`),
  CONSTRAINT `PROJ_LOCATIONS_PROJ_ID_FK` FOREIGN KEY (`PROJ_ID`) REFERENCES `PROJECT` (`ID`) ON DELETE CASCADE
) ENGINE=InnoDB AUTO_INCREMENT=8 DEFAULT CHARSET=latin1;

--
-- Dumping data for table `DIKSHA_PORTAL_2`.`PROJ_LOCATIONS`
--

/*!40000 ALTER TABLE `PROJ_LOCATIONS` DISABLE KEYS */;
LOCK TABLES `PROJ_LOCATIONS` WRITE;
UNLOCK TABLES;
/*!40000 ALTER TABLE `PROJ_LOCATIONS` ENABLE KEYS */;


--
-- Definition of table `DIKSHA_PORTAL_2`.`PROJ_TASKS`
--

DROP TABLE IF EXISTS `DIKSHA_PORTAL_2`.`PROJ_TASKS`;
CREATE TABLE  `DIKSHA_PORTAL_2`.`PROJ_TASKS` (
  `ID` int(11) NOT NULL auto_increment,
  `PROJ_ID` int(11) NOT NULL,
  `TASKS` varchar(100) NOT NULL,
  PRIMARY KEY  (`ID`),
  KEY `PROJ_TASKS_PROJ_ID_FK` (`PROJ_ID`),
  CONSTRAINT `PROJ_TASKS_PROJ_ID_FK` FOREIGN KEY (`PROJ_ID`) REFERENCES `PROJECT` (`ID`) ON DELETE CASCADE
) ENGINE=InnoDB AUTO_INCREMENT=6 DEFAULT CHARSET=latin1;

--
-- Dumping data for table `DIKSHA_PORTAL_2`.`PROJ_TASKS`
--

/*!40000 ALTER TABLE `PROJ_TASKS` DISABLE KEYS */;
LOCK TABLES `PROJ_TASKS` WRITE;
UNLOCK TABLES;
/*!40000 ALTER TABLE `PROJ_TASKS` ENABLE KEYS */;


--
-- Definition of table `DIKSHA_PORTAL_2`.`REGIONS`
--

DROP TABLE IF EXISTS `DIKSHA_PORTAL_2`.`REGIONS`;
CREATE TABLE  `DIKSHA_PORTAL_2`.`REGIONS` (
  `ID` int(11) NOT NULL auto_increment,
  `COMPANY_ID` int(11) NOT NULL,
  `REG_NAME` varchar(45) default NULL,
  `REF_ABBREVIATION` varchar(4) default NULL,
  `PARENT_ID` int(45) default '0',
  `CREATE_DATE` timestamp NOT NULL default CURRENT_TIMESTAMP on update CURRENT_TIMESTAMP,
  PRIMARY KEY  (`ID`),
  UNIQUE KEY `R_NAME` (`REG_NAME`,`COMPANY_ID`),
  KEY `REGIONS_COMPANY_ID_FK` (`COMPANY_ID`),
  CONSTRAINT `REGIONS_COMPANY_ID_FK` FOREIGN KEY (`COMPANY_ID`) REFERENCES `COMPANY` (`ID`) ON DELETE CASCADE ON UPDATE NO ACTION
) ENGINE=InnoDB AUTO_INCREMENT=4 DEFAULT CHARSET=latin1;

--
-- Dumping data for table `DIKSHA_PORTAL_2`.`REGIONS`
--

/*!40000 ALTER TABLE `REGIONS` DISABLE KEYS */;
LOCK TABLES `REGIONS` WRITE;
INSERT INTO `DIKSHA_PORTAL_2`.`REGIONS` VALUES  (1,1,'India','IN',NULL,'2012-05-16 19:10:24'),
 (2,1,'USA','US',0,'2012-05-16 19:12:51'),
 (3,1,'Australia','AU',0,'2012-05-16 19:12:51');
UNLOCK TABLES;
/*!40000 ALTER TABLE `REGIONS` ENABLE KEYS */;


--
-- Definition of table `DIKSHA_PORTAL_2`.`REIMBURSEMENT_FINANCIAL_DATA`
--

DROP TABLE IF EXISTS `DIKSHA_PORTAL_2`.`REIMBURSEMENT_FINANCIAL_DATA`;
CREATE TABLE  `DIKSHA_PORTAL_2`.`REIMBURSEMENT_FINANCIAL_DATA` (
  `ID` int(11) NOT NULL auto_increment,
  `ESRMAP_ID` int(11) default NULL,
  `DATE_OF_OCCURRENCE` date default NULL,
  `SUMMARY` varchar(30) default NULL,
  `TYPE` varchar(50) default NULL,
  `AMOUNT` float default NULL,
  `CURRENCY` varchar(50) default NULL,
  `RECEIPTS_AVAILABLE` enum('T','F') default NULL,
  `UPLOAD_RECEIPTS_ID` int(11) default NULL,
  PRIMARY KEY  (`ID`),
  KEY `REIMBURSEMENT_FINANCIAL_DATA_ESRMAP_ID_FK` (`ESRMAP_ID`),
  CONSTRAINT `REIMBURSEMENT_FINANCIAL_DATA_ESRMAP_ID_FK` FOREIGN KEY (`ESRMAP_ID`) REFERENCES `EMP_SER_REQ_MAP` (`ID`) ON DELETE CASCADE
) ENGINE=InnoDB AUTO_INCREMENT=6 DEFAULT CHARSET=latin1;

--
-- Dumping data for table `DIKSHA_PORTAL_2`.`REIMBURSEMENT_FINANCIAL_DATA`
--

/*!40000 ALTER TABLE `REIMBURSEMENT_FINANCIAL_DATA` DISABLE KEYS */;
LOCK TABLES `REIMBURSEMENT_FINANCIAL_DATA` WRITE;
UNLOCK TABLES;
/*!40000 ALTER TABLE `REIMBURSEMENT_FINANCIAL_DATA` ENABLE KEYS */;


--
-- Definition of table `DIKSHA_PORTAL_2`.`REIMBURSEMENT_REQ`
--

DROP TABLE IF EXISTS `DIKSHA_PORTAL_2`.`REIMBURSEMENT_REQ`;
CREATE TABLE  `DIKSHA_PORTAL_2`.`REIMBURSEMENT_REQ` (
  `ID` int(11) NOT NULL auto_increment,
  `ESR_MAP_ID` int(11) default NULL,
  `PROJECT_CODE` int(11) default NULL,
  `PROJECT_NAME` varchar(50) default NULL,
  `CHARGE_CODE` int(11) default NULL,
  `CC_TITLE` varchar(50) default NULL,
  `DESCRIPTION` varchar(50) default NULL,
  `ASSIGN_TO` int(11) default NULL,
  `STATUS` varchar(50) default NULL,
  `REMARK` varchar(100) default NULL,
  `MESSAGE_BODY` text,
  `REQUESTER_ID` int(11) default NULL,
  `CREATE_DATE` timestamp NOT NULL default CURRENT_TIMESTAMP,
  PRIMARY KEY  (`ID`),
  KEY `REIMBURSEMENT_REQ_ESR_MAP_ID_FK` (`ESR_MAP_ID`),
  CONSTRAINT `REIMBURSEMENT_REQ_ESR_MAP_ID_FK` FOREIGN KEY (`ESR_MAP_ID`) REFERENCES `EMP_SER_REQ_MAP` (`ID`) ON DELETE CASCADE
) ENGINE=InnoDB AUTO_INCREMENT=10 DEFAULT CHARSET=latin1;

--
-- Dumping data for table `DIKSHA_PORTAL_2`.`REIMBURSEMENT_REQ`
--

/*!40000 ALTER TABLE `REIMBURSEMENT_REQ` DISABLE KEYS */;
LOCK TABLES `REIMBURSEMENT_REQ` WRITE;
UNLOCK TABLES;
/*!40000 ALTER TABLE `REIMBURSEMENT_REQ` ENABLE KEYS */;


--
-- Definition of table `DIKSHA_PORTAL_2`.`REIMBURSEMENT_TYPE`
--

DROP TABLE IF EXISTS `DIKSHA_PORTAL_2`.`REIMBURSEMENT_TYPE`;
CREATE TABLE  `DIKSHA_PORTAL_2`.`REIMBURSEMENT_TYPE` (
  `ID` int(11) NOT NULL auto_increment,
  `TYPE` varchar(50) default NULL,
  PRIMARY KEY  (`ID`)
) ENGINE=InnoDB AUTO_INCREMENT=18 DEFAULT CHARSET=latin1;

--
-- Dumping data for table `DIKSHA_PORTAL_2`.`REIMBURSEMENT_TYPE`
--

/*!40000 ALTER TABLE `REIMBURSEMENT_TYPE` DISABLE KEYS */;
LOCK TABLES `REIMBURSEMENT_TYPE` WRITE;
INSERT INTO `DIKSHA_PORTAL_2`.`REIMBURSEMENT_TYPE` VALUES  (1,'Air Fare'),
 (2,'Bus Fare'),
 (3,'Car Rental'),
 (4,'Client'),
 (5,'Conference'),
 (6,'Entertainment'),
 (7,'Fuel Charges'),
 (8,'Hotel'),
 (9,'Item Purchase'),
 (10,'Local Transportation'),
 (11,'Meals'),
 (12,'Miscellaneous'),
 (13,'Parking'),
 (14,'Perdiem'),
 (15,'Telephone'),
 (16,'Train Fare'),
 (17,'Training');
UNLOCK TABLES;
/*!40000 ALTER TABLE `REIMBURSEMENT_TYPE` ENABLE KEYS */;


--
-- Definition of table `DIKSHA_PORTAL_2`.`REQUESTED_ISSUES`
--

DROP TABLE IF EXISTS `DIKSHA_PORTAL_2`.`REQUESTED_ISSUES`;
CREATE TABLE  `DIKSHA_PORTAL_2`.`REQUESTED_ISSUES` (
  `ID` int(11) NOT NULL auto_increment,
  `SUBMISSION_DATE` date default NULL,
  `STATUS` varchar(50) default NULL,
  `SUMMARY` varchar(50) default NULL,
  `DESCRIPTION` varchar(50) default NULL,
  `AUTO_REQ_ID` varchar(50) default NULL,
  `DEPENDENT_ID` varchar(50) default NULL,
  `ESR_MAP_ID` int(11) default NULL,
  `COMMENT` varchar(50) default NULL,
  `ISSUE_ID` int(11) default NULL,
  `USER_ID` int(11) NOT NULL,
  PRIMARY KEY  (`ID`),
  KEY `REQUESTED_MODULES_ISSUE_ID_FK` (`ISSUE_ID`),
  KEY `REQUESTED_ISSUES_EMP_SER_ID_FK` (`ESR_MAP_ID`),
  KEY `REQUESTED_ISSUES_USER_ID_FK` (`USER_ID`),
  CONSTRAINT `REQUESTED_ISSUES_EMP_SER_ID_FK` FOREIGN KEY (`ESR_MAP_ID`) REFERENCES `EMP_SER_REQ_MAP` (`ID`) ON DELETE CASCADE,
  CONSTRAINT `REQUESTED_ISSUES_USER_ID_FK` FOREIGN KEY (`USER_ID`) REFERENCES `USERS` (`ID`) ON DELETE CASCADE,
  CONSTRAINT `REQUESTED_MODULES_ISSUE_ID_FK` FOREIGN KEY (`ISSUE_ID`) REFERENCES `MODULES` (`ID`) ON DELETE CASCADE
) ENGINE=InnoDB DEFAULT CHARSET=latin1;

--
-- Dumping data for table `DIKSHA_PORTAL_2`.`REQUESTED_ISSUES`
--

/*!40000 ALTER TABLE `REQUESTED_ISSUES` DISABLE KEYS */;
LOCK TABLES `REQUESTED_ISSUES` WRITE;
UNLOCK TABLES;
/*!40000 ALTER TABLE `REQUESTED_ISSUES` ENABLE KEYS */;


--
-- Definition of table `DIKSHA_PORTAL_2`.`REQUEST_TYPE`
--

DROP TABLE IF EXISTS `DIKSHA_PORTAL_2`.`REQUEST_TYPE`;
CREATE TABLE  `DIKSHA_PORTAL_2`.`REQUEST_TYPE` (
  `ID` int(11) NOT NULL auto_increment,
  `NAME` varchar(20) NOT NULL,
  `ABBREVATION` varchar(5) NOT NULL,
  `FEATURE_ID` int(7) NOT NULL,
  PRIMARY KEY  (`ID`)
) ENGINE=InnoDB AUTO_INCREMENT=12 DEFAULT CHARSET=utf8;

--
-- Dumping data for table `DIKSHA_PORTAL_2`.`REQUEST_TYPE`
--

/*!40000 ALTER TABLE `REQUEST_TYPE` DISABLE KEYS */;
LOCK TABLES `REQUEST_TYPE` WRITE;
INSERT INTO `DIKSHA_PORTAL_2`.`REQUEST_TYPE` VALUES  (1,'LEAVE','LV',22),
 (2,'TRAVEL','TL',23),
 (3,'SODEXO','SO',24),
 (4,'LOAN','LN',25),
 (5,'REIMBURSEMENT','RM',26),
 (6,'ITSUPPORT','IS',27),
 (7,'CANDIDATE','CAD',15),
 (8,'TIMESHEET','TS',36),
 (9,'ROLLON','RN',18),
 (10,'PROJECTS','PR',32),
 (11,'ISSUES','ISU',42);
UNLOCK TABLES;
/*!40000 ALTER TABLE `REQUEST_TYPE` ENABLE KEYS */;


--
-- Definition of table `DIKSHA_PORTAL_2`.`ROLES`
--

DROP TABLE IF EXISTS `DIKSHA_PORTAL_2`.`ROLES`;
CREATE TABLE  `DIKSHA_PORTAL_2`.`ROLES` (
  `ID` int(11) NOT NULL auto_increment,
  `NAME` varchar(45) default NULL,
  `IS_ACTIVE` tinyint(1) NOT NULL default '0',
  PRIMARY KEY  (`ID`)
) ENGINE=InnoDB AUTO_INCREMENT=13 DEFAULT CHARSET=latin1;

--
-- Dumping data for table `DIKSHA_PORTAL_2`.`ROLES`
--

/*!40000 ALTER TABLE `ROLES` DISABLE KEYS */;
LOCK TABLES `ROLES` WRITE;
INSERT INTO `DIKSHA_PORTAL_2`.`ROLES` VALUES  (1,'PORTAL_ADMIN',0),
 (2,'CEO_Role',0),
 (3,'IN_RM_Role',0),
 (4,'IN_HRD_Manager_Role',0),
 (5,'IN_Finance_dept_Role',0),
 (6,'IN_TAT_Role',0),
 (7,'IN_Facilities_Role',0),
 (8,'Facilities_Head_Role',0),
 (9,'New_Employee_Role',0),
 (10,'IN_Technical_Emp_Rol',0),
 (11,'IN_Tech_Team_Lead',0),
 (12,'IN_BD_ROLE',0);
UNLOCK TABLES;
/*!40000 ALTER TABLE `ROLES` ENABLE KEYS */;


--
-- Definition of table `DIKSHA_PORTAL_2`.`ROLL_ON`
--

DROP TABLE IF EXISTS `DIKSHA_PORTAL_2`.`ROLL_ON`;
CREATE TABLE  `DIKSHA_PORTAL_2`.`ROLL_ON` (
  `ID` int(11) NOT NULL auto_increment,
  `EMP_ID` int(11) NOT NULL,
  `START_DATE` date default NULL,
  `END_DATE` date default NULL,
  `REPORT_DT` date default NULL,
  `REPORT_TM` time default NULL,
  `PERDIEM` mediumtext,
  `CH_CODE_ID` int(11) default NULL,
  `PAYMENT_TERM` varchar(30) default NULL,
  `CURRENCY` varchar(30) default NULL,
  `CURRENT` tinyint(1) NOT NULL default '0',
  `RAISED_BY` varchar(20) default NULL,
  `MESSAGE_BODY` text,
  `ESRQM_ID` int(11) NOT NULL,
  `CREATE_DATE` timestamp NOT NULL default CURRENT_TIMESTAMP,
  `TRAVEL_REQ_FLAG` int(11) default NULL,
  `NOTIFIERS` text,
  PRIMARY KEY  (`ID`),
  KEY `ROLL_ON_EMP_ID_FK` (`EMP_ID`),
  KEY `ROLL_ON_CHARGE_CODE_FK` (`CH_CODE_ID`),
  KEY `ROLL_ON_ESRM_ID_FK` (`ESRQM_ID`),
  CONSTRAINT `ROLL_ON_CHARGE_CODE_FK` FOREIGN KEY (`CH_CODE_ID`) REFERENCES `CHARGE_CODE` (`ID`),
  CONSTRAINT `ROLL_ON_EMP_ID_FK` FOREIGN KEY (`EMP_ID`) REFERENCES `USERS` (`ID`) ON DELETE CASCADE,
  CONSTRAINT `ROLL_ON_ESRM_ID_FK` FOREIGN KEY (`ESRQM_ID`) REFERENCES `EMP_SER_REQ_MAP` (`ID`) ON DELETE CASCADE
) ENGINE=InnoDB AUTO_INCREMENT=14 DEFAULT CHARSET=latin1;

--
-- Dumping data for table `DIKSHA_PORTAL_2`.`ROLL_ON`
--

/*!40000 ALTER TABLE `ROLL_ON` DISABLE KEYS */;
LOCK TABLES `ROLL_ON` WRITE;
UNLOCK TABLES;
/*!40000 ALTER TABLE `ROLL_ON` ENABLE KEYS */;


--
-- Definition of table `DIKSHA_PORTAL_2`.`ROLL_ON_MGR_MAP`
--

DROP TABLE IF EXISTS `DIKSHA_PORTAL_2`.`ROLL_ON_MGR_MAP`;
CREATE TABLE  `DIKSHA_PORTAL_2`.`ROLL_ON_MGR_MAP` (
  `ID` int(11) NOT NULL auto_increment,
  `ROLL_ON_ID` int(11) NOT NULL,
  `MGR_NAME` varchar(30) NOT NULL,
  `MGR_EMAIL` varchar(30) NOT NULL,
  `MGR_DETAIL` varchar(100) NOT NULL,
  `ONSITE_MGR` varchar(30) default NULL,
  `ONSITE_MGR_DETAILS` varchar(100) default NULL,
  PRIMARY KEY  (`ID`),
  KEY `MGR_MAP_ROLL_ON_ID_FK` (`ROLL_ON_ID`),
  CONSTRAINT `MGR_MAP_ROLL_ON_ID_FK` FOREIGN KEY (`ROLL_ON_ID`) REFERENCES `ROLL_ON` (`ID`) ON DELETE CASCADE
) ENGINE=InnoDB AUTO_INCREMENT=9 DEFAULT CHARSET=latin1;

--
-- Dumping data for table `DIKSHA_PORTAL_2`.`ROLL_ON_MGR_MAP`
--

/*!40000 ALTER TABLE `ROLL_ON_MGR_MAP` DISABLE KEYS */;
LOCK TABLES `ROLL_ON_MGR_MAP` WRITE;
UNLOCK TABLES;
/*!40000 ALTER TABLE `ROLL_ON_MGR_MAP` ENABLE KEYS */;


--
-- Definition of table `DIKSHA_PORTAL_2`.`ROLL_ON_PROJ_MAP`
--

DROP TABLE IF EXISTS `DIKSHA_PORTAL_2`.`ROLL_ON_PROJ_MAP`;
CREATE TABLE  `DIKSHA_PORTAL_2`.`ROLL_ON_PROJ_MAP` (
  `ID` int(11) NOT NULL auto_increment,
  `ROLL_ON_ID` int(11) NOT NULL,
  `PROJ_ID` int(11) NOT NULL,
  `PROJ_LOC_ID` int(11) default NULL,
  PRIMARY KEY  (`ID`),
  KEY `ROLLON_PROJ_MAP_ROLL_ON_ID_FK` (`ROLL_ON_ID`),
  KEY `ROLLON_PROJ_MAP_PROJ_ID_FK` (`PROJ_ID`),
  CONSTRAINT `ROLLON_PROJ_MAP_PROJ_ID_FK` FOREIGN KEY (`PROJ_ID`) REFERENCES `PROJECT` (`ID`) ON DELETE CASCADE,
  CONSTRAINT `ROLLON_PROJ_MAP_ROLL_ON_ID_FK` FOREIGN KEY (`ROLL_ON_ID`) REFERENCES `ROLL_ON` (`ID`) ON DELETE CASCADE
) ENGINE=InnoDB AUTO_INCREMENT=14 DEFAULT CHARSET=latin1;

--
-- Dumping data for table `DIKSHA_PORTAL_2`.`ROLL_ON_PROJ_MAP`
--

/*!40000 ALTER TABLE `ROLL_ON_PROJ_MAP` DISABLE KEYS */;
LOCK TABLES `ROLL_ON_PROJ_MAP` WRITE;
UNLOCK TABLES;
/*!40000 ALTER TABLE `ROLL_ON_PROJ_MAP` ENABLE KEYS */;


--
-- Definition of table `DIKSHA_PORTAL_2`.`SALARY_DETAILS`
--

DROP TABLE IF EXISTS `DIKSHA_PORTAL_2`.`SALARY_DETAILS`;
CREATE TABLE  `DIKSHA_PORTAL_2`.`SALARY_DETAILS` (
  `ID` int(11) NOT NULL auto_increment,
  `USER_ID` int(11) default NULL,
  `CANDIDATE_ID` int(11) default NULL,
  `FIELD_LABEL` varchar(50) default NULL,
  `MONTHLY` int(10) default NULL,
  `ANNUAL` int(10) default NULL,
  `SUM` int(10) default NULL,
  `FIELDTYPE` int(10) default NULL,
  PRIMARY KEY  (`ID`),
  KEY `USER_ID_FK` (`USER_ID`),
  KEY `CANDIDATE_ID_FK` (`CANDIDATE_ID`),
  CONSTRAINT `CANDIDATE_ID_FK` FOREIGN KEY (`CANDIDATE_ID`) REFERENCES `CANDIDATE` (`ID`) ON DELETE SET NULL,
  CONSTRAINT `USER_ID_FK` FOREIGN KEY (`USER_ID`) REFERENCES `USERS` (`ID`) ON DELETE SET NULL
) ENGINE=InnoDB AUTO_INCREMENT=350 DEFAULT CHARSET=latin1;

--
-- Dumping data for table `DIKSHA_PORTAL_2`.`SALARY_DETAILS`
--

/*!40000 ALTER TABLE `SALARY_DETAILS` DISABLE KEYS */;
LOCK TABLES `SALARY_DETAILS` WRITE;
UNLOCK TABLES;
/*!40000 ALTER TABLE `SALARY_DETAILS` ENABLE KEYS */;


--
-- Definition of table `DIKSHA_PORTAL_2`.`SALARY_FOR_APPROVAL`
--

DROP TABLE IF EXISTS `DIKSHA_PORTAL_2`.`SALARY_FOR_APPROVAL`;
CREATE TABLE  `DIKSHA_PORTAL_2`.`SALARY_FOR_APPROVAL` (
  `ID` int(11) NOT NULL auto_increment,
  `USER_ID` int(11) default NULL,
  `CANDIDATE_ID` int(11) default NULL,
  `FIELD_LABEL` varchar(50) default NULL,
  `MONTHLY` int(10) default NULL,
  `ANNUAL` int(10) default NULL,
  `SUM` int(10) default NULL,
  `FIELDTYPE` int(10) default NULL,
  PRIMARY KEY  (`ID`),
  KEY `USER_ID` (`USER_ID`),
  KEY `CANDIDATE_ID` (`CANDIDATE_ID`)
) ENGINE=InnoDB AUTO_INCREMENT=81 DEFAULT CHARSET=latin1;

--
-- Dumping data for table `DIKSHA_PORTAL_2`.`SALARY_FOR_APPROVAL`
--

/*!40000 ALTER TABLE `SALARY_FOR_APPROVAL` DISABLE KEYS */;
LOCK TABLES `SALARY_FOR_APPROVAL` WRITE;
UNLOCK TABLES;
/*!40000 ALTER TABLE `SALARY_FOR_APPROVAL` ENABLE KEYS */;


--
-- Definition of table `DIKSHA_PORTAL_2`.`SALARY_INFO`
--

DROP TABLE IF EXISTS `DIKSHA_PORTAL_2`.`SALARY_INFO`;
CREATE TABLE  `DIKSHA_PORTAL_2`.`SALARY_INFO` (
  `ID` int(11) NOT NULL auto_increment,
  `BASIC` int(10) default NULL,
  `HRA` int(10) default NULL,
  `CONVEYANCE` int(10) default NULL,
  `MEDICAL_ALLOWANCE` int(10) default NULL,
  `SPECIAL_ALLOWANCE` int(10) default NULL,
  `PF_EMP_CONTRIBUTION` int(10) default NULL,
  `ANNUAL_INCENTIVE` int(10) default NULL,
  `PER_DIEM` int(10) default NULL,
  `JOINING_BONUS` int(10) default NULL,
  `LTA` int(10) default NULL,
  `INSURANCE_PREMIUM` int(10) default NULL,
  `GRATUITY` int(10) default NULL,
  `TOTAL_SALARY` int(10) default NULL,
  `MEDI_CLAIM_POLICY` int(10) default NULL,
  `PER_ACCIDENT_POLICY` int(10) default NULL,
  PRIMARY KEY  (`ID`)
) ENGINE=InnoDB DEFAULT CHARSET=latin1;

--
-- Dumping data for table `DIKSHA_PORTAL_2`.`SALARY_INFO`
--

/*!40000 ALTER TABLE `SALARY_INFO` DISABLE KEYS */;
LOCK TABLES `SALARY_INFO` WRITE;
UNLOCK TABLES;
/*!40000 ALTER TABLE `SALARY_INFO` ENABLE KEYS */;


--
-- Definition of table `DIKSHA_PORTAL_2`.`SERVICE_REQUEST`
--

DROP TABLE IF EXISTS `DIKSHA_PORTAL_2`.`SERVICE_REQUEST`;
CREATE TABLE  `DIKSHA_PORTAL_2`.`SERVICE_REQUEST` (
  `ID` int(11) NOT NULL auto_increment,
  `REQ_NAME` varchar(30) default NULL,
  `ABBREVIATION` varchar(4) default NULL,
  `FEATURE_ID` int(11) NOT NULL,
  PRIMARY KEY  (`ID`),
  KEY `SR_MODULE_ID_FK` (`FEATURE_ID`),
  CONSTRAINT `SR_MODULE_ID_FK` FOREIGN KEY (`FEATURE_ID`) REFERENCES `MODULES` (`ID`) ON DELETE CASCADE
) ENGINE=InnoDB AUTO_INCREMENT=8 DEFAULT CHARSET=latin1;

--
-- Dumping data for table `DIKSHA_PORTAL_2`.`SERVICE_REQUEST`
--

/*!40000 ALTER TABLE `SERVICE_REQUEST` DISABLE KEYS */;
LOCK TABLES `SERVICE_REQUEST` WRITE;
INSERT INTO `DIKSHA_PORTAL_2`.`SERVICE_REQUEST` VALUES  (1,'LEAVE','LV',0),
 (2,'TRAVEL','TL',0),
 (3,'LOAN','LN',0),
 (4,'ISSUES','IS',0),
 (5,'REIMBURSEMENT','RM',0),
 (6,'MEDICAL REIMBURSEMEN','MRM',0),
 (7,'MEDICAL CLAIM','MCL',0);
UNLOCK TABLES;
/*!40000 ALTER TABLE `SERVICE_REQUEST` ENABLE KEYS */;


--
-- Definition of table `DIKSHA_PORTAL_2`.`SERVICE_REQ_INFO`
--

DROP TABLE IF EXISTS `DIKSHA_PORTAL_2`.`SERVICE_REQ_INFO`;
CREATE TABLE  `DIKSHA_PORTAL_2`.`SERVICE_REQ_INFO` (
  `ID` int(11) NOT NULL auto_increment,
  `ESR_MAP_ID` int(11) default NULL,
  `ASSIGNED_TO_DIV` int(11) default NULL,
  `STATUS` varchar(20) default NULL,
  `ACTION_BY` int(11) default NULL,
  `HD_EST_DATE_RESOLVE` date default NULL,
  `HD_COMMENTS` varchar(100) default NULL,
  `ESCALATE_TO` int(11) default NULL,
  `H_REMARKS` varchar(100) default NULL,
  `CREATION_DATETIME` datetime default NULL,
  `SUMMARY` varchar(30) default NULL,
  `DESCRIPTION` varchar(1000) default NULL,
  `EST_DATE_RESOLVE` date default NULL,
  `COMMENT` varchar(100) default NULL,
  `DEP_SERV_REQ` int(11) default NULL,
  `ASSIGNED_TO` int(11) default NULL,
  `SEVERITY` enum('CATASTROPHIC','SEVERE','MAJOR','MINOR','NO_EFFECT') default NULL,
  `PRIORITY` enum('High','Medium','Low') default NULL,
  PRIMARY KEY  (`ID`),
  KEY `SER_REQ_INFO_ESR_MAP_ID_FK` (`ESR_MAP_ID`),
  CONSTRAINT `SER_REQ_INFO_ESR_MAP_ID_FK` FOREIGN KEY (`ESR_MAP_ID`) REFERENCES `EMP_SER_REQ_MAP` (`ID`) ON DELETE CASCADE
) ENGINE=InnoDB AUTO_INCREMENT=15 DEFAULT CHARSET=latin1;

--
-- Dumping data for table `DIKSHA_PORTAL_2`.`SERVICE_REQ_INFO`
--

/*!40000 ALTER TABLE `SERVICE_REQ_INFO` DISABLE KEYS */;
LOCK TABLES `SERVICE_REQ_INFO` WRITE;
UNLOCK TABLES;
/*!40000 ALTER TABLE `SERVICE_REQ_INFO` ENABLE KEYS */;


--
-- Definition of table `DIKSHA_PORTAL_2`.`SKILL_SET`
--

DROP TABLE IF EXISTS `DIKSHA_PORTAL_2`.`SKILL_SET`;
CREATE TABLE  `DIKSHA_PORTAL_2`.`SKILL_SET` (
  `ID` int(11) NOT NULL auto_increment,
  `SKILLNAME` varchar(50) default NULL,
  `PARENT_ID` int(11) default NULL,
  PRIMARY KEY  (`ID`)
) ENGINE=InnoDB AUTO_INCREMENT=313 DEFAULT CHARSET=latin1;

--
-- Dumping data for table `DIKSHA_PORTAL_2`.`SKILL_SET`
--

/*!40000 ALTER TABLE `SKILL_SET` DISABLE KEYS */;
LOCK TABLES `SKILL_SET` WRITE;
INSERT INTO `DIKSHA_PORTAL_2`.`SKILL_SET` VALUES  (1,'Kenan	',0),
 (2,'Comverse One	',0),
 (3,'Peoplesoft CRM	',0),
 (4,'Salesforce CRM	',0),
 (5,'TIBCO	',0),
 (6,'Service-Oriented Architecture	',5),
 (7,'Business Integration	',6),
 (8,'Composite Applications	',6),
 (9,'SOA Governance	',6),
 (10,'Grid Computing	',6),
 (11,'In-Memory Computing	',6),
 (12,'Mainframe Integration	',6),
 (13,'Messaging	',6),
 (14,'Multi-Enterprise Connectivity	',6),
 (15,'Business Optimization	',5),
 (16,'Analytics & Visualization	',15),
 (17,'Complex Event Processing	',15),
 (18,'MDM & Data Governance	',15),
 (19,'Cloud	',5),
 (20,'PaaS	',19),
 (21,'Cloud Services	',19),
 (22,'Private Cloud	',19),
 (23,'Amdocs	',0),
 (24,'Amdocs CES	',23),
 (25,'Amdocs Cramer	',23),
 (26,'Amdocs OMS	',23),
 (27,'Amdocs Convergent Charging	',23),
 (28,'AMdocs Revenue Management	',23),
 (29,'Amdocs Enabler	',23),
 (30,'Amdocs Ensemble	',23),
 (31,'Amdocs OSS suite	',23),
 (32,'Service Creation	',0),
 (33,'Oracle Communications Service Delivery	',32),
 (34,'Oracle SOA Suite	',32),
 (35,'Siebel Product and Catalog Management	',32),
 (36,'Siebel Dynamic Catalog	',32),
 (37,'Partner and Channel Management	',0),
 (38,'Oracle Communications Service Delivery	',37),
 (39,'Siebel Partner Relationship Management	',37),
 (40,'Oracle Incentive Compensation	',37),
 (41,'Service Fulfillment	',0),
 (42,'Oracle Communications Order and Service Management',41),
 (43,'Oracle Communications Unified Inventory Management',41),
 (44,'Oracle Communications MetaSolv Solution	',41),
 (45,'Oracle Communications ASAP	',41),
 (46,'Oracle Communications IP Service Activator	',41),
 (47,'Oracle Communications Network Integrity	',41),
 (48,'Oracle Communications Network Intelligence	',41),
 (49,'Customer Care	',0),
 (50,'Siebel Contact Center and Service	',49),
 (51,'Oracle Self Service and eBilling	',49),
 (52,'Siebel Loyalty Management	',49),
 (53,'Oracle CRM On Demand	',49),
 (54,'Oracle Business Intelligence	',49),
 (55,'Billing and Revenue Management	',0),
 (56,'Oracle Communications Billing and Revenue Manageme',55),
 (57,'Oracle Self Service and eBilling	',55),
 (58,'Oracle E-Business Suite Financials	',55),
 (59,'Network Asset / Project Management	',0),
 (60,'Oracle Asset Lifecycle Management	',59),
 (61,'Oracle Supply Chain Management	',59),
 (62,'Oracle Project Portfolio Management	',59),
 (63,'Oracle Property Manager	',59),
 (64,'IT Infrastructure	',0),
 (65,'Oracle Database	',64),
 (66,'Oracle Real Application Clusters	',64),
 (67,'Oracle TimesTen In-Memory Database	',64),
 (68,'Oracle Berkeley DB	',64),
 (69,'Oracle Secure Backup	',64),
 (70,'Oracle Partitioning	',64),
 (71,'Oracle Advanced Security	',64),
 (72,'Misc Skills	',0),
 (73,'.NET	',72),
 (74,'3D Max	',72),
 (75,'ABAP	',72),
 (76,'Abinitio	',72),
 (77,'Active Directory	',72),
 (78,'ActiveX	',72),
 (79,'ADO.NET	',72),
 (80,'Adobe Illustrator	',72),
 (81,'Adobe Pagemaker	',72),
 (82,'Adobe Photoshop	',72),
 (83,'AIX	',72),
 (84,'AJAX	',72),
 (85,'ALE	',72),
 (86,'Ansys	',72),
 (87,'Apache	',72),
 (88,'Apache Tomcat	',72),
 (89,'AS 400	',72),
 (90,'ASIC	',72),
 (91,'ASP	',72),
 (92,'ASP.NET	',72),
 (93,'Assembly Language	',72),
 (94,'ATL	',72),
 (95,'Auto CAD	',72),
 (96,'Automation Testing	',72),
 (97,'BAAN	',72),
 (98,'BASIC	',72),
 (99,'Bluetooth	',72),
 (100,'BPEL	',72),
 (101,'Business Objects	',72),
 (102,'C	',72),
 (103,'C#	',72),
 (104,'C++	',72),
 (105,'CAD/CAM	',72),
 (106,'CATIA	',72),
 (107,'CCIE	',72),
 (108,'CDMA	',72),
 (109,'CICS	',72),
 (110,'CISCO	',72),
 (111,'Cobol	',72),
 (112,'Cognos	',72),
 (113,'ColdFusion	',72),
 (114,'COM/COM+/DCOM	',72),
 (115,'CORBA	',72),
 (116,'CoreJava	',72),
 (117,'Corel Draw	',72),
 (118,'Crystal Report	',72),
 (119,'CSS	',72),
 (120,'Data Structures	',72),
 (121,'Database	',72),
 (122,'Datastage	',72),
 (123,'Data Warehousing	',72),
 (124,'DB2	',72),
 (125,'DBASE	',72),
 (126,'DCA	',72),
 (127,'Delphi	',72),
 (128,'Developer 2000	',72),
 (129,'DHCP	',72),
 (130,'DNS	',72),
 (131,'Documentum	',72),
 (132,'Dreamweaver	',72),
 (133,'DSP	',72),
 (134,'DTP	',72),
 (135,'Eclipse	',72),
 (136,'EJB	',72),
 (137,'Embedded C	',72),
 (138,'ERP	',72),
 (139,'Ethernet	',72),
 (140,'Expeditor	',72),
 (141,'FileNet	',72),
 (142,'Finacle	',72),
 (143,'Firewall	',72),
 (144,'FireWorks	',72),
 (145,'Flash	',72),
 (146,'Flex	',72),
 (147,'Flexcube	',72),
 (148,'Focus	',72),
 (149,'ForTran	',72),
 (150,'FoxPro	',72),
 (151,'FPGA	',72),
 (152,'FreeBSD	',72),
 (153,'FTP	',72),
 (154,'GSM	',72),
 (155,'Hibernate	',72),
 (156,'HP UNIX	',72),
 (157,'HTML/DHTML	',72),
 (158,'Hyperion	',72),
 (159,'Ibatis	',72),
 (160,'Ideas	',72),
 (161,'IIS	',72),
 (162,'Impromptu	',72),
 (163,'IMS	',72),
 (164,'Informatica	',72),
 (165,'Installshield	',72),
 (166,'ISDN	',72),
 (167,'ITIL	',72),
 (168,'J2EE	',72),
 (169,'J2ME	',72),
 (170,'J2SE	',72),
 (171,'Java	',72),
 (172,'Java Swing	',72),
 (173,'JavaScript	',72),
 (174,'JBoss	',72),
 (175,'JCL	',72),
 (176,'JDBC	',72),
 (177,'JIRA	',72),
 (178,'JSF	',72),
 (179,'JSP	',72),
 (180,'LAN	',72),
 (181,'LINQ	',72),
 (182,'Linux	',72),
 (183,'LIS	',72),
 (184,'Loadrunner	',72),
 (185,'Lotus Notes	',72),
 (186,'Mac OS	',72),
 (187,'Mainframes	',72),
 (188,'Manual Testing	',72),
 (189,'MATLAB	',72),
 (190,'Maximo	',72),
 (191,'Maya	',72),
 (192,'MCP	',72),
 (193,'MCSA	',72),
 (194,'MCSE	',72),
 (195,'MFC	',72),
 (196,'Microsoft Access	',72),
 (197,'Microsoft Excel	',72),
 (198,'Microsoft Exchange	',72),
 (199,'Microsoft Office	',72),
 (200,'MicroStation	',72),
 (201,'MS Access	',72),
 (202,'MS Project	',72),
 (203,'MS Visio	',72),
 (204,'Ms-dos	',72),
 (205,'MSCIT	',72),
 (206,'Multimedia	',72),
 (207,'Multithreading	',72),
 (208,'MVS	',72),
 (209,'MySQL	',72),
 (210,'Natural Adabas	',72),
 (211,'Netcool	',72),
 (212,'Networking	',72),
 (213,'Nortel	',72),
 (214,'Novell	',72),
 (215,'OOPS	',72),
 (216,'Operating Systems	',72),
 (217,'Oracle	',72),
 (218,'Oracle Apps	',72),
 (219,'Oracle WareHouse Builder	',72),
 (220,'ORCAD	',72),
 (221,'PASCAL	',72),
 (222,'Peoplesoft	',72),
 (223,'Perl	',72),
 (224,'PHP	',72),
 (225,'PL/1	',72),
 (226,'PL/SQL	',72),
 (227,'postgreSQL	',72),
 (228,'PowerBuilder	',72),
 (229,'PowerPlay	',72),
 (230,'Primavera	',72),
 (231,'Pro-C	',72),
 (232,'PRO-E	',72),
 (233,'Progress 4GL	',72),
 (234,'Python	',72),
 (235,'QTP	',72),
 (236,'RedHat/Linux	',72),
 (237,'Remedy	',72),
 (238,'Remoting	',72),
 (239,'REXX	',72),
 (240,'RMI	',72),
 (241,'Routing	',72),
 (242,'RTOS	',72),
 (243,'SAP	',72),
 (244,'SAP Basis	',72),
 (245,'SAP BW/BI	',72),
 (246,'SAP CRM	',72),
 (247,'SAP EP	',72),
 (248,'SAP HR	',72),
 (249,'SAP IS-Retail	',72),
 (250,'SAP MDM	',72),
 (251,'SAP MM	',72),
 (252,'SAP PM	',72),
 (253,'SAP PP	',72),
 (254,'SAP PS	',72),
 (255,'SAP QM	',72),
 (256,'SAP SCM	',72),
 (257,'SAP SD	',72),
 (258,'SAP Security	',72),
 (259,'SAP SEM	',72),
 (260,'SAP SEM	',72),
 (261,'SAP SRM	',72),
 (262,'SAP WMS	',72),
 (263,'SAP XI	',72),
 (264,'SAS	',72),
 (265,'SCADA	',72),
 (266,'Shell Script	',72),
 (267,'Siebel	',72),
 (268,'Silverlight	',72),
 (269,'SMARTY	',72),
 (270,'SMTP	',72),
 (271,'Solaris	',72),
 (272,'Spring	',72),
 (273,'SPSS	',72),
 (274,'SQL Server	',72),
 (275,'Struts	',72),
 (276,'Sybase	',72),
 (277,'Symbian	',72),
 (278,'T-SQL	',72),
 (279,'Tally	',72),
 (280,'TCL/TK	',72),
 (281,'TCP/IP	',72),
 (282,'TELNET	',72),
 (283,'Teradata	',72),
 (284,'Tibco	',72),
 (285,'TOAD	',72),
 (286,'UML	',72),
 (287,'UniGraphics	',72),
 (288,'Unix	',72),
 (289,'VB.NET	',72),
 (290,'Verilog	',72),
 (291,'Vignette	',72),
 (292,'Vision Plus	',72),
 (293,'Visual Basic	',72),
 (294,'Visual C++	',72),
 (295,'Visual Foxpro	',72),
 (296,'VLSI	',72),
 (297,'VOIP	',72),
 (298,'VPN	',72),
 (299,'VSAT	',72),
 (300,'VxWorks	',72),
 (301,'WAN	',72),
 (302,'WAP	',72),
 (303,'WCF	',72),
 (304,'WebLogic	',72),
 (305,'WebSphere	',72),
 (306,'Windows 2K/XP	',72),
 (307,'Winform	',72),
 (308,'Winrunner	',72),
 (309,'WML	',72),
 (310,'WPF	',72),
 (311,'XHTML	',72),
 (312,'XML	',72);
UNLOCK TABLES;
/*!40000 ALTER TABLE `SKILL_SET` ENABLE KEYS */;


--
-- Definition of table `DIKSHA_PORTAL_2`.`SODEXO_DENOMINATIONS`
--

DROP TABLE IF EXISTS `DIKSHA_PORTAL_2`.`SODEXO_DENOMINATIONS`;
CREATE TABLE  `DIKSHA_PORTAL_2`.`SODEXO_DENOMINATIONS` (
  `DENOMS` int(10) unsigned NOT NULL
) ENGINE=MyISAM DEFAULT CHARSET=latin1;

--
-- Dumping data for table `DIKSHA_PORTAL_2`.`SODEXO_DENOMINATIONS`
--

/*!40000 ALTER TABLE `SODEXO_DENOMINATIONS` DISABLE KEYS */;
LOCK TABLES `SODEXO_DENOMINATIONS` WRITE;
INSERT INTO `DIKSHA_PORTAL_2`.`SODEXO_DENOMINATIONS` VALUES  (1000),
 (1200),
 (1500),
 (1750),
 (2000),
 (2200);
UNLOCK TABLES;
/*!40000 ALTER TABLE `SODEXO_DENOMINATIONS` ENABLE KEYS */;


--
-- Definition of table `DIKSHA_PORTAL_2`.`SODEXO_DETAILS`
--

DROP TABLE IF EXISTS `DIKSHA_PORTAL_2`.`SODEXO_DETAILS`;
CREATE TABLE  `DIKSHA_PORTAL_2`.`SODEXO_DETAILS` (
  `ID` int(11) NOT NULL auto_increment,
  `REQUESTOR_ID` int(11) default NULL,
  `AMOUNT_ELIGIBLE` int(11) default NULL,
  `AMOUNT_AVAILED` int(11) default NULL,
  `REQUESTED_ON` date default NULL,
  `STATUS` int(11) default NULL,
  `SR_TYPE` varchar(15) default NULL,
  `DELIVERY_ADDRESS` varchar(150) NOT NULL,
  `ADDRESS_HTML` longtext,
  `ADDRESS_FLAG` int(1) default NULL,
  PRIMARY KEY  (`ID`)
) ENGINE=InnoDB AUTO_INCREMENT=17 DEFAULT CHARSET=latin1;

--
-- Dumping data for table `DIKSHA_PORTAL_2`.`SODEXO_DETAILS`
--

/*!40000 ALTER TABLE `SODEXO_DETAILS` DISABLE KEYS */;
LOCK TABLES `SODEXO_DETAILS` WRITE;
UNLOCK TABLES;
/*!40000 ALTER TABLE `SODEXO_DETAILS` ENABLE KEYS */;


--
-- Definition of table `DIKSHA_PORTAL_2`.`SODEXO_REQ`
--

DROP TABLE IF EXISTS `DIKSHA_PORTAL_2`.`SODEXO_REQ`;
CREATE TABLE  `DIKSHA_PORTAL_2`.`SODEXO_REQ` (
  `ID` int(11) NOT NULL auto_increment,
  `SD_ID` int(11) default NULL,
  `ESR_MAP_ID` int(11) default NULL,
  `ASSIGNED_TO` int(11) default NULL,
  `ACTION_BY` int(11) default NULL,
  `MESSAGE_BODY` text,
  `ACTION_DATE` date default NULL,
  PRIMARY KEY  (`ID`),
  KEY `SODEXO_REQ_SODEXO_DETAILS_FK` (`SD_ID`),
  KEY `SODEXO_REQ_ESR_MAP_FK` (`ESR_MAP_ID`),
  CONSTRAINT `SODEXO_REQ_ESR_MAP_FK` FOREIGN KEY (`ESR_MAP_ID`) REFERENCES `EMP_SER_REQ_MAP` (`ID`) ON DELETE CASCADE ON UPDATE NO ACTION,
  CONSTRAINT `SODEXO_REQ_SODEXO_DETAILS_FK` FOREIGN KEY (`SD_ID`) REFERENCES `SODEXO_DETAILS` (`ID`) ON DELETE CASCADE ON UPDATE NO ACTION
) ENGINE=InnoDB AUTO_INCREMENT=24 DEFAULT CHARSET=latin1;

--
-- Dumping data for table `DIKSHA_PORTAL_2`.`SODEXO_REQ`
--

/*!40000 ALTER TABLE `SODEXO_REQ` DISABLE KEYS */;
LOCK TABLES `SODEXO_REQ` WRITE;
UNLOCK TABLES;
/*!40000 ALTER TABLE `SODEXO_REQ` ENABLE KEYS */;


--
-- Definition of table `DIKSHA_PORTAL_2`.`STATUS`
--

DROP TABLE IF EXISTS `DIKSHA_PORTAL_2`.`STATUS`;
CREATE TABLE  `DIKSHA_PORTAL_2`.`STATUS` (
  `ID` int(11) NOT NULL auto_increment,
  `STATUS` varchar(50) default NULL,
  PRIMARY KEY  (`ID`)
) ENGINE=InnoDB AUTO_INCREMENT=34 DEFAULT CHARSET=latin1;

--
-- Dumping data for table `DIKSHA_PORTAL_2`.`STATUS`
--

/*!40000 ALTER TABLE `STATUS` DISABLE KEYS */;
LOCK TABLES `STATUS` WRITE;
INSERT INTO `DIKSHA_PORTAL_2`.`STATUS` VALUES  (1,'New'),
 (2,'Accepted'),
 (3,'Rejected'),
 (4,'Offer Under Review'),
 (5,'Offer Sent'),
 (6,'Offer Re-Sent'),
 (7,'Offer Approved'),
 (8,'Offer Not Approved'),
 (9,'No Show'),
 (10,'Under Review'),
 (11,'On Hold'),
 (12,'Reject'),
 (13,'Complete'),
 (14,'Cancel'),
 (15,'Rolled On'),
 (16,'Not Submitted'),
 (17,'Submitted'),
 (18,'Assigned'),
 (19,'Completed'),
 (20,'In-progress'),
 (21,'Cancelled'),
 (22,'Close'),
 (23,'Resolved'),
 (24,'Re-Assign'),
 (25,'Request Raised'),
 (26,'Work In-Progress'),
 (27,'Processed'),
 (28,'Revoked'),
 (29,'Request Saved'),
 (30,'Pending Approval'),
 (31,'Candidate Created'),
 (32,'Need More Time'),
 (33,'Rejected By Approver');
UNLOCK TABLES;
/*!40000 ALTER TABLE `STATUS` ENABLE KEYS */;


--
-- Definition of table `DIKSHA_PORTAL_2`.`TIMESHEET_REQ`
--

DROP TABLE IF EXISTS `DIKSHA_PORTAL_2`.`TIMESHEET_REQ`;
CREATE TABLE  `DIKSHA_PORTAL_2`.`TIMESHEET_REQ` (
  `ID` int(11) NOT NULL auto_increment,
  `ESRQM_ID` int(11) NOT NULL,
  `COMMENTS` varchar(100) default NULL,
  `STATUS` varchar(20) default NULL,
  `ASSIGNED_TO` int(11) default NULL,
  `RAISED_BY` int(11) default NULL,
  `SUMMARY` varchar(50) default NULL,
  `TSHEET_ID` int(11) NOT NULL,
  `CREATEDATETIME` timestamp NOT NULL default CURRENT_TIMESTAMP,
  `SEQUENCE` int(11) NOT NULL,
  `MESSAGE_BODY` text,
  `ACTION_BY` int(11) default NULL,
  PRIMARY KEY  (`ID`),
  KEY `TS_REQ_ESRM_ID_FK` (`ESRQM_ID`),
  KEY `TIME_SHEET_DETAILS_ID_FK` (`TSHEET_ID`),
  CONSTRAINT `TIME_SHEET_DETAILS_ID_FK` FOREIGN KEY (`TSHEET_ID`) REFERENCES `TIME_SHEET_DETAILS` (`ID`) ON DELETE CASCADE,
  CONSTRAINT `TS_REQ_ESRM_ID_FK` FOREIGN KEY (`ESRQM_ID`) REFERENCES `EMP_SER_REQ_MAP` (`ID`) ON DELETE CASCADE
) ENGINE=InnoDB DEFAULT CHARSET=latin1;

--
-- Dumping data for table `DIKSHA_PORTAL_2`.`TIMESHEET_REQ`
--

/*!40000 ALTER TABLE `TIMESHEET_REQ` DISABLE KEYS */;
LOCK TABLES `TIMESHEET_REQ` WRITE;
UNLOCK TABLES;
/*!40000 ALTER TABLE `TIMESHEET_REQ` ENABLE KEYS */;


--
-- Definition of table `DIKSHA_PORTAL_2`.`TIME_SHEET_DETAILS`
--

DROP TABLE IF EXISTS `DIKSHA_PORTAL_2`.`TIME_SHEET_DETAILS`;
CREATE TABLE  `DIKSHA_PORTAL_2`.`TIME_SHEET_DETAILS` (
  `ID` int(11) NOT NULL auto_increment,
  `START_DATE` date default NULL,
  `END_DATE` date default NULL,
  `STATUS` varchar(50) default NULL,
  `SUBMISSION_DATE` date default NULL,
  `USER_ID` int(11) NOT NULL,
  PRIMARY KEY  (`ID`),
  KEY `TIME_SHEET_DETAILS_USER_ID_FK` (`USER_ID`),
  CONSTRAINT `TIME_SHEET_DETAILS_USER_ID_FK` FOREIGN KEY (`USER_ID`) REFERENCES `USERS` (`ID`) ON DELETE CASCADE
) ENGINE=InnoDB AUTO_INCREMENT=3 DEFAULT CHARSET=latin1;

--
-- Dumping data for table `DIKSHA_PORTAL_2`.`TIME_SHEET_DETAILS`
--

/*!40000 ALTER TABLE `TIME_SHEET_DETAILS` DISABLE KEYS */;
LOCK TABLES `TIME_SHEET_DETAILS` WRITE;
UNLOCK TABLES;
/*!40000 ALTER TABLE `TIME_SHEET_DETAILS` ENABLE KEYS */;


--
-- Definition of table `DIKSHA_PORTAL_2`.`TRAVEL`
--

DROP TABLE IF EXISTS `DIKSHA_PORTAL_2`.`TRAVEL`;
CREATE TABLE  `DIKSHA_PORTAL_2`.`TRAVEL` (
  `ID` int(11) NOT NULL auto_increment,
  `ESRQM_ID` int(7) default NULL,
  `STATUS` int(1) NOT NULL,
  `RAISED_BY` int(11) default NULL,
  `IS_CONTACT_PERSON_REQ` int(1) default '0',
  `TL_TYPE` enum('Domestic','International') NOT NULL,
  `TRL_USER_ID` int(11) NOT NULL,
  `PURPOSE_OF_TL` text,
  `IS_ROLL_ON` int(1) default '0' COMMENT 'IF ROLL-ON THEN VALUE IS 1 ELSE IF ROLL-OFF THEN VALUE IS 2',
  `CHARGE_CODE` int(11) default NULL,
  `MODE_OF_TL` enum('Air','Road','Train','Others') NOT NULL,
  `TL_FROM` varchar(50) default NULL,
  `TL_TO` varchar(50) default NULL,
  `PRF_DATE_TO_TL` date default NULL,
  `PRF_TIME_TO_TL` time default NULL,
  `IS_ROUND_TRIP` int(1) default '0' COMMENT 'IF ROUND_TRIP THEN 1 ELSE 0',
  `RETURN_DATE` date default NULL COMMENT 'IF RETURN_TRIP',
  `RETURN_TIME` time default NULL COMMENT 'IF RETURN_TRIP',
  `ACCOMODATION_REQ` int(1) default '0' COMMENT 'IF YES THEN 1 ELSE 0',
  `TYPE_OF_ACCOMODATION` text COMMENT 'IF ACCOMODATION_REQ',
  `CAB_REQ` int(1) default NULL COMMENT 'IF CAB_REQUIRED THEN 1 ELSE 0',
  `ONWARD_INWARD` int(1) default '0' COMMENT 'IF CAB_REQ AND ONWARD THEN 0 ELSE IF CAB_REQ AND INWARD THEN 1',
  `CREATE_DATE` timestamp NULL default CURRENT_TIMESTAMP,
  `DOCUMENTS_ID` int(11) default NULL,
  PRIMARY KEY  (`ID`),
  KEY `TRAVEL_ESRQM_ID_FK` (`ESRQM_ID`),
  KEY `TRAVEL_CHARGE_CODE_FK` (`CHARGE_CODE`),
  KEY `TRAVEL_DOCUMENTS_ID_FK` (`DOCUMENTS_ID`),
  CONSTRAINT `TRAVEL_CHARGE_CODE_FK` FOREIGN KEY (`CHARGE_CODE`) REFERENCES `CHARGE_CODE` (`ID`) ON DELETE CASCADE ON UPDATE NO ACTION,
  CONSTRAINT `TRAVEL_DOCUMENTS_ID_FK` FOREIGN KEY (`DOCUMENTS_ID`) REFERENCES `DOCUMENTS` (`ID`) ON DELETE CASCADE ON UPDATE NO ACTION,
  CONSTRAINT `TRAVEL_ESRQM_ID_FK` FOREIGN KEY (`ESRQM_ID`) REFERENCES `EMP_SER_REQ_MAP` (`ID`) ON DELETE CASCADE ON UPDATE NO ACTION
) ENGINE=InnoDB AUTO_INCREMENT=8 DEFAULT CHARSET=latin1;

--
-- Dumping data for table `DIKSHA_PORTAL_2`.`TRAVEL`
--

/*!40000 ALTER TABLE `TRAVEL` DISABLE KEYS */;
LOCK TABLES `TRAVEL` WRITE;
UNLOCK TABLES;
/*!40000 ALTER TABLE `TRAVEL` ENABLE KEYS */;


--
-- Definition of table `DIKSHA_PORTAL_2`.`TRAVELLER_TYPE`
--

DROP TABLE IF EXISTS `DIKSHA_PORTAL_2`.`TRAVELLER_TYPE`;
CREATE TABLE  `DIKSHA_PORTAL_2`.`TRAVELLER_TYPE` (
  `ID` int(11) NOT NULL auto_increment,
  `TL_ID` int(11) NOT NULL,
  `IS_BUSSINESS_TYPE` int(1) default '0',
  PRIMARY KEY  (`ID`),
  KEY `TL_ID_FK1` (`TL_ID`),
  CONSTRAINT `TL_ID_FK2` FOREIGN KEY (`TL_ID`) REFERENCES `TRAVEL` (`ID`) ON DELETE CASCADE
) ENGINE=InnoDB AUTO_INCREMENT=2 DEFAULT CHARSET=latin1;

--
-- Dumping data for table `DIKSHA_PORTAL_2`.`TRAVELLER_TYPE`
--

/*!40000 ALTER TABLE `TRAVELLER_TYPE` DISABLE KEYS */;
LOCK TABLES `TRAVELLER_TYPE` WRITE;
UNLOCK TABLES;
/*!40000 ALTER TABLE `TRAVELLER_TYPE` ENABLE KEYS */;


--
-- Definition of table `DIKSHA_PORTAL_2`.`TRAVEL_CONTACT_DETAILS`
--

DROP TABLE IF EXISTS `DIKSHA_PORTAL_2`.`TRAVEL_CONTACT_DETAILS`;
CREATE TABLE  `DIKSHA_PORTAL_2`.`TRAVEL_CONTACT_DETAILS` (
  `ID` int(11) NOT NULL auto_increment,
  `TL_ID` int(11) default NULL,
  `CONTACT_PERSON` varchar(200) default NULL,
  `PHONE_NO` int(20) NOT NULL,
  `EMAIL_ID` varchar(100) NOT NULL,
  `ADDRESS` varchar(300) NOT NULL,
  PRIMARY KEY  (`ID`),
  KEY `TL_ID_FK` (`TL_ID`),
  CONSTRAINT `TL_ID_FK1` FOREIGN KEY (`TL_ID`) REFERENCES `TRAVEL` (`ID`) ON DELETE CASCADE
) ENGINE=InnoDB AUTO_INCREMENT=2 DEFAULT CHARSET=latin1;

--
-- Dumping data for table `DIKSHA_PORTAL_2`.`TRAVEL_CONTACT_DETAILS`
--

/*!40000 ALTER TABLE `TRAVEL_CONTACT_DETAILS` DISABLE KEYS */;
LOCK TABLES `TRAVEL_CONTACT_DETAILS` WRITE;
UNLOCK TABLES;
/*!40000 ALTER TABLE `TRAVEL_CONTACT_DETAILS` ENABLE KEYS */;


--
-- Definition of table `DIKSHA_PORTAL_2`.`TRAVEL_REQ`
--

DROP TABLE IF EXISTS `DIKSHA_PORTAL_2`.`TRAVEL_REQ`;
CREATE TABLE  `DIKSHA_PORTAL_2`.`TRAVEL_REQ` (
  `ID` int(11) NOT NULL auto_increment,
  `TL_REQ_ID` int(7) default NULL,
  `STATUS` int(11) default NULL,
  `ASSIGNED_TO` int(11) default NULL,
  `APP_LEVEL` int(2) default NULL,
  `ACTION_TYPE` int(11) default '0' COMMENT 'IF APPROVED THEN 1 ELSE IF REJECTED THEN 2 ELSE NO_ACTION THEN 0',
  `COMMENT` varchar(500) default NULL,
  `CURRENCY` enum('INR','USD','AUD','ETC') default NULL,
  `TOTAL_COST` double default NULL,
  `MESSAGE_BODY` text,
  `DATE_OF_COMPLETION` timestamp NULL default CURRENT_TIMESTAMP,
  PRIMARY KEY  (`ID`),
  KEY `TRAVEL_REQ_TL_REQ_ID_FK` (`TL_REQ_ID`),
  CONSTRAINT `TRAVEL_REQ_TL_REQ_ID_FK` FOREIGN KEY (`TL_REQ_ID`) REFERENCES `TRAVEL` (`ID`) ON DELETE CASCADE ON UPDATE NO ACTION
) ENGINE=InnoDB AUTO_INCREMENT=7 DEFAULT CHARSET=latin1;

--
-- Dumping data for table `DIKSHA_PORTAL_2`.`TRAVEL_REQ`
--

/*!40000 ALTER TABLE `TRAVEL_REQ` DISABLE KEYS */;
LOCK TABLES `TRAVEL_REQ` WRITE;
UNLOCK TABLES;
/*!40000 ALTER TABLE `TRAVEL_REQ` ENABLE KEYS */;


--
-- Definition of table `DIKSHA_PORTAL_2`.`USERS`
--

DROP TABLE IF EXISTS `DIKSHA_PORTAL_2`.`USERS`;
CREATE TABLE  `DIKSHA_PORTAL_2`.`USERS` (
  `ID` int(11) NOT NULL auto_increment,
  `EMP_ID` int(11) NOT NULL,
  `LEVEL_ID` int(11) NOT NULL,
  `REG_DIV_ID` int(11) default NULL,
  `PROFILE_ID` int(11) default NULL,
  `FINANCE_ID` int(11) default NULL,
  `NOMINEE_ID` int(11) default NULL,
  `PASSPORT_ID` int(11) default NULL,
  `PERSONAL_ID` int(11) default NULL,
  `SALARY_ID` int(11) default NULL,
  `STATUS` tinyint(1) NOT NULL default '0',
  `CREATE_DATE` timestamp NOT NULL default CURRENT_TIMESTAMP on update CURRENT_TIMESTAMP,
  `USER_CREATED_BY` int(11) default NULL,
  `EXPERIENCE_ID` int(11) default NULL,
  `SKILLSET_ID` varchar(1500) default NULL,
  `OTHERS` varchar(50) default NULL,
  `ACTION_BY` int(11) default NULL,
  PRIMARY KEY  (`ID`),
  KEY `USERS_LEVEL_ID_FK` (`LEVEL_ID`),
  KEY `USERS_REG_DIV_ID_FK` (`REG_DIV_ID`),
  KEY `USERS_PROFILE_ID_FK` (`PROFILE_ID`),
  KEY `USERS_FINANCE_ID_FK` (`FINANCE_ID`),
  KEY `USERS_NOMINEE_ID_FK` (`NOMINEE_ID`),
  KEY `USERS_PASSPORT_ID_FK` (`PASSPORT_ID`),
  KEY `USERS_PERSONAL_ID_FK` (`PERSONAL_ID`),
  KEY `USERS_SALARY_ID_FK` (`SALARY_ID`),
  KEY `USER_EXPERIENCE_ID` (`EXPERIENCE_ID`),
  CONSTRAINT `USERS_FINANCE_ID_FK` FOREIGN KEY (`FINANCE_ID`) REFERENCES `FINANCE_INFO` (`ID`) ON DELETE SET NULL,
  CONSTRAINT `USERS_LEVEL_ID_FK` FOREIGN KEY (`LEVEL_ID`) REFERENCES `LEVELS` (`ID`) ON DELETE CASCADE,
  CONSTRAINT `USERS_NOMINEE_ID_FK` FOREIGN KEY (`NOMINEE_ID`) REFERENCES `NOMINEE_INFO` (`ID`) ON DELETE SET NULL,
  CONSTRAINT `USERS_PASSPORT_ID_FK` FOREIGN KEY (`PASSPORT_ID`) REFERENCES `PASSPORT_INFO` (`ID`) ON DELETE SET NULL,
  CONSTRAINT `USERS_PERSONAL_ID_FK` FOREIGN KEY (`PERSONAL_ID`) REFERENCES `PERSONAL_INFO` (`ID`) ON DELETE SET NULL,
  CONSTRAINT `USER_EXPERIENCE_ID` FOREIGN KEY (`EXPERIENCE_ID`) REFERENCES `EXPERIENCE_INFO` (`ID`) ON DELETE CASCADE ON UPDATE NO ACTION
) ENGINE=InnoDB AUTO_INCREMENT=29 DEFAULT CHARSET=latin1;

--
-- Dumping data for table `DIKSHA_PORTAL_2`.`USERS`
--

/*!40000 ALTER TABLE `USERS` DISABLE KEYS */;
LOCK TABLES `USERS` WRITE;
INSERT INTO `DIKSHA_PORTAL_2`.`USERS` VALUES  (1,1,9,1,1,NULL,NULL,NULL,NULL,NULL,0,'2012-03-06 10:06:54',NULL,NULL,'','dlk;sdklswwww333',NULL);
UNLOCK TABLES;
/*!40000 ALTER TABLE `USERS` ENABLE KEYS */;


--
-- Definition of table `DIKSHA_PORTAL_2`.`USER_ROLES`
--

DROP TABLE IF EXISTS `DIKSHA_PORTAL_2`.`USER_ROLES`;
CREATE TABLE  `DIKSHA_PORTAL_2`.`USER_ROLES` (
  `ID` int(11) NOT NULL auto_increment,
  `USER_ID` int(11) default '0',
  `CANDIDATE_ID` int(11) default '0',
  `ROLE_ID` int(11) default NULL,
  PRIMARY KEY  (`ID`),
  KEY `USER_ROLES_USER_ID` (`USER_ID`),
  KEY `USER_ROLES_ROLE_ID` (`ROLE_ID`),
  KEY `USER_ROLES_CAND_ID_FK` (`CANDIDATE_ID`),
  CONSTRAINT `USER_ROLES_CAND_ID_FK` FOREIGN KEY (`CANDIDATE_ID`) REFERENCES `CANDIDATE` (`ID`) ON DELETE CASCADE ON UPDATE SET NULL,
  CONSTRAINT `USER_ROLES_ROLE_ID` FOREIGN KEY (`ROLE_ID`) REFERENCES `ROLES` (`ID`) ON DELETE CASCADE ON UPDATE SET NULL,
  CONSTRAINT `USER_ROLES_USER_ID` FOREIGN KEY (`USER_ID`) REFERENCES `USERS` (`ID`) ON DELETE CASCADE ON UPDATE SET NULL
) ENGINE=InnoDB AUTO_INCREMENT=29 DEFAULT CHARSET=latin1;

--
-- Dumping data for table `DIKSHA_PORTAL_2`.`USER_ROLES`
--

/*!40000 ALTER TABLE `USER_ROLES` DISABLE KEYS */;
LOCK TABLES `USER_ROLES` WRITE;
INSERT INTO `DIKSHA_PORTAL_2`.`USER_ROLES` VALUES  (1,1,NULL,1);
UNLOCK TABLES;
/*!40000 ALTER TABLE `USER_ROLES` ENABLE KEYS */;


--
-- Definition of table `DIKSHA_PORTAL_2`.`USER_TASK_FILLED`
--

DROP TABLE IF EXISTS `DIKSHA_PORTAL_2`.`USER_TASK_FILLED`;
CREATE TABLE  `DIKSHA_PORTAL_2`.`USER_TASK_FILLED` (
  `ID` int(11) NOT NULL auto_increment,
  `HOURS_SPENT` varchar(50) default NULL,
  `MAP_ID` int(11) NOT NULL,
  PRIMARY KEY  (`ID`),
  KEY `USER_TASK_FILLED_TIMESHEET_MAP_ID_FK` (`MAP_ID`),
  CONSTRAINT `USER_TASK_FILLED_TIMESHEET_MAP_ID_FK` FOREIGN KEY (`MAP_ID`) REFERENCES `USER_TASK_TIMESHEET_MAP` (`ID`) ON DELETE CASCADE
) ENGINE=InnoDB AUTO_INCREMENT=29 DEFAULT CHARSET=latin1;

--
-- Dumping data for table `DIKSHA_PORTAL_2`.`USER_TASK_FILLED`
--

/*!40000 ALTER TABLE `USER_TASK_FILLED` DISABLE KEYS */;
LOCK TABLES `USER_TASK_FILLED` WRITE;
UNLOCK TABLES;
/*!40000 ALTER TABLE `USER_TASK_FILLED` ENABLE KEYS */;


--
-- Definition of table `DIKSHA_PORTAL_2`.`USER_TASK_TIMESHEET_MAP`
--

DROP TABLE IF EXISTS `DIKSHA_PORTAL_2`.`USER_TASK_TIMESHEET_MAP`;
CREATE TABLE  `DIKSHA_PORTAL_2`.`USER_TASK_TIMESHEET_MAP` (
  `ID` int(11) NOT NULL auto_increment,
  `ETC` int(11) NOT NULL,
  `TOTAL_ETC` int(11) NOT NULL,
  `TASK_NAME` varchar(50) default NULL,
  `PROJECT_ID` int(11) NOT NULL,
  `TS_ID` int(11) NOT NULL,
  PRIMARY KEY  (`ID`),
  KEY `USER_TASK_TIME_SHEET_MAP_DETAILS_ID_FK` (`TS_ID`),
  KEY `USER_TASK_TIMESHEET_MAP_PROJECT_ID_FK` (`PROJECT_ID`),
  CONSTRAINT `USER_TASK_TIMESHEET_MAP_PROJECT_ID_FK` FOREIGN KEY (`PROJECT_ID`) REFERENCES `PROJECT` (`ID`) ON DELETE CASCADE,
  CONSTRAINT `USER_TASK_TIME_SHEET_MAP_DETAILS_ID_FK` FOREIGN KEY (`TS_ID`) REFERENCES `TIME_SHEET_DETAILS` (`ID`) ON DELETE CASCADE
) ENGINE=InnoDB AUTO_INCREMENT=5 DEFAULT CHARSET=latin1;

--
-- Dumping data for table `DIKSHA_PORTAL_2`.`USER_TASK_TIMESHEET_MAP`
--

/*!40000 ALTER TABLE `USER_TASK_TIMESHEET_MAP` DISABLE KEYS */;
LOCK TABLES `USER_TASK_TIMESHEET_MAP` WRITE;
UNLOCK TABLES;
/*!40000 ALTER TABLE `USER_TASK_TIMESHEET_MAP` ENABLE KEYS */;

/*!40101 SET SQL_MODE=@OLD_SQL_MODE */;
/*!40014 SET FOREIGN_KEY_CHECKS=@OLD_FOREIGN_KEY_CHECKS */;
/*!40014 SET UNIQUE_CHECKS=@OLD_UNIQUE_CHECKS */;
/*!40101 SET CHARACTER_SET_CLIENT=@OLD_CHARACTER_SET_CLIENT */;
/*!40101 SET CHARACTER_SET_RESULTS=@OLD_CHARACTER_SET_RESULTS */;
/*!40101 SET COLLATION_CONNECTION=@OLD_COLLATION_CONNECTION */;
/*!40101 SET CHARACTER_SET_CLIENT=@OLD_CHARACTER_SET_CLIENT */;